# list2_planets: Gaia Wobble Bet, list built from MANIFEST 0.19
# date 2026-09-25
# git 3e128b1bfb6307d10ea729ae131533238e9160dd
# population: Gaia DR3, parallax_over_error >= 10, 1488768 candidate stars
# score: P_A * P(m2<13 MJ), ms_offset < 0.2 (an ordering score, not a calibrated probability)
# rank_new skips known DR3 orbit <80 MJ, known planets and Gaia neighbours within 2.0 arcsec
# the frozen bet is rank_new <= 100
rank_new,source_id,score,p_a,p_m2_lt13,rank_raw,ms_offset,known_dr3_orbit80,known_dr3_orbit_any,dr3_acceleration,known_planet,neighbour_2arcsec
1,5977390652584004480,0.7928641,0.7928641,1,1,0.144002,False,False,False,False,False
2,6061787515837800448,0.78371634,0.78371634,1,2,0.049878,False,False,True,False,False
3,4540481374832743040,0.78158528,0.78158528,1,3,0.100948,False,False,True,False,False
4,6527055859795615616,0.77543507,0.77543507,1,4,0.057426,False,False,False,False,False
5,43574131143039104,0.77082009,0.77082009,1,5,0.095764,False,True,False,False,False
6,1768825106253209984,0.76714595,0.76714595,1,6,0.061258,False,False,False,False,False
7,5060587895604134912,0.76481333,0.76481333,1,7,0.188375,False,False,False,False,False
8,1518564478676515712,0.76453949,0.76453949,1,8,-0.098186,False,False,False,False,False
9,5935904773205046912,0.76386252,0.76386252,1,10,-0.155127,False,False,False,False,False
10,660597997697274752,0.76039133,0.76039133,1,12,0.013198,False,False,False,False,False
11,5512265038913877248,0.75998378,0.75998378,1,13,-0.048061,False,False,False,False,False
12,615779464207025152,0.75781565,0.75781565,1,14,-0.036654,False,False,False,False,False
13,660597997696173440,0.75671639,0.75671639,1,16,0.104865,False,False,False,False,False
14,1283125607149311360,0.74597273,0.74597273,1,18,0.060167,False,False,False,False,False
15,6572227714472220288,0.74270623,0.74270623,1,19,-0.189671,False,False,False,False,False
16,3629067564905036544,0.73955378,0.73955378,1,20,-0.40995,False,False,True,False,False
17,5559035514776717312,0.73917068,0.73917068,1,21,-0.348752,False,False,False,False,False
18,5439029627401396096,0.73879102,0.73879102,1,22,0.062435,False,False,False,False,False
19,4825658304114207360,0.73852131,0.73852131,1,23,0.179366,False,False,False,False,False
20,187247659142818560,0.73823104,0.73823104,1,24,-0.332393,False,False,False,False,False
21,5392573989820288768,0.73678773,0.73678773,1,25,0.141803,False,False,True,False,False
22,5075243629687810560,0.73518556,0.73518556,1,28,0.187208,False,False,False,False,False
23,4893986285989235072,0.7330409,0.7330409,1,30,0.035099,False,False,False,False,False
24,3195919254111314816,0.73243963,0.73243963,1,31,0.189799,False,False,False,False,False
25,3560746351897773952,0.7288196,0.7288196,1,33,-0.185499,False,False,False,False,False
26,5645479806157346688,0.72755096,0.72755096,1,34,0.095665,False,False,False,False,False
27,4960651016012601856,0.7267485,0.7267485,1,35,-0.016103,False,False,False,False,False
28,1209432042883668480,0.72559507,0.72559507,1,36,-0.1116,False,False,True,False,False
29,2450599697900838912,0.72206378,0.72206378,1,38,-0.083914,False,False,False,False,False
30,5518349869403884928,0.72163143,0.72163143,1,39,0.074757,False,False,False,False,False
31,3931880591977203584,0.71992023,0.71992023,1,40,0.135719,False,False,False,False,False
32,6536153940554895872,0.71968919,0.71968919,1,41,-0.061755,False,False,True,False,False
33,18565464288396416,0.71958684,0.71958684,1,42,0.09677,False,False,False,False,False
34,3365063724883180288,0.71920357,0.71920357,1,43,0.182642,False,False,False,False,False
35,432528843370092288,0.71704434,0.71704434,1,44,0.093362,False,False,False,False,False
36,6383229053001389312,0.71692,0.71692,1,45,-0.118752,False,False,False,False,False
37,1717366591979606528,0.71533579,0.71533579,1,46,0.034886,False,False,False,False,False
38,2616132101175335936,0.71466062,0.71466062,1,47,-0.055328,False,False,False,False,False
39,1495487688115551744,0.71464253,0.71464253,1,48,0.048977,False,False,False,False,False
40,6383963114451742464,0.71247488,0.71247488,1,49,0.139682,False,False,False,False,False
41,1013110152935464192,0.71203153,0.77394731,0.92,50,0.17298,False,False,False,False,False
42,2079073928612821760,0.71169696,0.71169696,1,51,0.11109,False,False,False,False,False
43,6592223158057230592,0.70938374,0.70938374,1,52,-0.056737,False,False,False,False,False
44,4547881191164080768,0.70928172,0.70928172,1,53,-0.285692,False,False,False,False,False
45,5440833582388241920,0.70574572,0.73515179,0.96,54,0.055046,False,False,True,False,False
46,1380153247688639744,0.70546194,0.76680645,0.92,55,0.036457,False,False,False,False,False
47,6887855373472834944,0.70501453,0.76632014,0.92,56,0.004067,False,False,False,False,False
48,2886405528302243712,0.70308546,0.70308546,1,59,-0.120707,False,False,False,False,False
49,6403245627824561536,0.70306144,0.70306144,1,60,0.19749,False,False,False,False,False
50,2797745549200773120,0.70290579,0.70290579,1,61,0.183154,False,False,False,False,False
51,4446574040918651904,0.70062042,0.70062042,1,64,-0.363419,False,False,False,False,False
52,1443068608699851008,0.69901214,0.69901214,1,65,-0.237925,False,False,False,False,False
53,5185165891628969984,0.69851982,0.69851982,1,66,-0.023049,False,False,False,False,False
54,6163541785049288960,0.69530549,0.72427656,0.96,68,0.144739,False,False,False,False,False
55,6113245033659187200,0.69523511,0.69523511,1,69,0.137717,False,False,False,False,False
56,1205070452055788928,0.69248379,0.69248379,1,70,-0.026642,False,False,False,False,False
57,6109949904687424640,0.69209391,0.69209391,1,71,0.198976,False,False,False,False,False
58,1641352680226120448,0.68910805,0.68910805,1,72,-0.207111,False,False,False,False,False
59,6408509574103239552,0.68836333,0.68836333,1,73,0.07101,False,False,False,False,False
60,5682049837765283200,0.68795999,0.68795999,1,74,0.057926,False,False,False,False,False
61,5381537023379295744,0.68685369,0.68685369,1,76,-0.415951,False,False,False,False,False
62,4303294035005560704,0.68676829,0.68676829,1,77,0.187731,False,False,False,False,False
63,2788757282161376512,0.68397633,0.74345253,0.92,79,0.142522,False,False,False,False,False
64,993148931650561024,0.68286891,0.68286891,1,81,-0.170054,False,False,False,False,False
65,6425912987746838144,0.68129245,0.70967964,0.96,82,0.016892,False,False,True,False,False
66,299467939039225728,0.68058563,0.68058563,1,83,0.112486,False,False,False,False,False
67,1211589731374380544,0.6803585,0.6803585,1,84,0.119605,False,False,False,False,False
68,4987736729049009152,0.67853666,0.67853666,1,85,0.09128,False,False,False,False,False
69,2377953104931858944,0.67782393,0.67782393,1,86,-0.216428,False,False,False,False,False
70,1473166433840437888,0.67498912,0.67498912,1,87,-0.168091,False,False,False,False,False
71,1442207244418843264,0.67463806,0.67463806,1,88,0.102419,False,False,False,False,False
72,3637980098784983936,0.67389385,0.76578846,0.88,89,0.065427,False,False,False,False,False
73,5032989500911228928,0.67111699,0.67111699,1,90,-0.337093,False,False,False,False,False
74,3546332682170832128,0.67094305,0.67094305,1,91,-0.444884,False,False,False,False,False
75,6472836050915560448,0.67057236,0.67057236,1,92,-0.192262,False,False,True,False,False
76,3745619095984248448,0.6701796,0.6701796,1,93,0.114551,False,False,False,False,False
77,3317901440625203968,0.67003222,0.72829589,0.92,95,0.094946,False,False,False,False,False
78,5631304902248610432,0.66970588,0.7610294,0.88,96,0.050709,False,False,False,False,False
79,3154368194301157376,0.66954494,0.66954494,1,97,-0.16382,False,False,True,False,False
80,1590096093840214272,0.66671562,0.72469089,0.92,99,-0.295687,False,False,True,False,False
81,3428298528382128000,0.66653064,0.66653064,1,100,0.123868,False,False,False,False,False
82,5559035514779971456,0.66540422,0.66540422,1,101,-0.388708,False,False,False,False,False
83,3243715604392800512,0.66535443,0.66535443,1,102,-0.356845,False,False,False,False,False
84,1928108370769224704,0.66511662,0.75581434,0.88,103,-0.140197,False,False,False,False,False
85,1275744757390360064,0.66510176,0.66510176,1,104,0.15237,False,False,False,False,False
86,2348794198298597376,0.66486682,0.75553047,0.88,105,0.10873,False,False,False,False,False
87,6427708902552813824,0.66361283,0.66361283,1,106,-0.582359,False,False,False,False,False
88,1320795047312113152,0.66288178,0.66288178,1,107,0.055582,False,False,False,False,False
89,6252087964698602496,0.66135577,0.7873283,0.84,108,-0.021009,False,False,False,False,False
90,3745619095984248576,0.66117363,0.66117363,1,109,0.069883,False,False,False,False,False
91,1486075147027474176,0.66062915,0.66062915,1,110,-0.067376,False,False,True,False,False
92,1201405126966920448,0.65953625,0.65953625,1,111,-0.090102,False,False,False,False,False
93,2467732906559754496,0.65940651,0.65940651,1,112,0.027245,False,False,False,False,False
94,3677448412989388032,0.65828584,0.65828584,1,113,0.198549,False,False,False,False,False
95,1905816425352678656,0.65643214,0.65643214,1,116,-0.127749,False,False,False,False,False
96,5152365363828101632,0.65589341,0.65589341,1,118,0.181181,False,False,False,False,False
97,6448597630613279872,0.65569299,0.71270977,0.92,119,0.010946,False,False,False,False,False
98,3313069881590622848,0.65544759,0.7448268,0.88,120,0.186805,False,False,False,False,False
99,5277111971685878016,0.65477842,0.74406639,0.88,121,-0.09445,False,False,False,False,False
100,2787758616366123136,0.65357239,0.65357239,1,123,0.107432,False,False,False,False,False
101,6002992162332713856,0.65330339,0.65330339,1,124,0.069716,False,False,False,False,False
102,509746548568138624,0.65158288,0.65158288,1,125,-0.249142,False,False,False,False,False
103,6491249026683800832,0.65013076,0.65013076,1,126,0.128239,False,False,False,False,False
104,1546465994985741184,0.6499879,0.6499879,1,127,0.033267,False,False,False,False,False
105,6160315989731008768,0.64956717,0.73814451,0.88,128,-0.05646,False,True,False,False,False
106,2676023495972445184,0.64928863,0.64928863,1,129,0.118759,False,False,False,False,False
107,4744405494330903296,0.64871277,0.7371736,0.88,130,-0.35136,False,False,False,False,False
108,6192641081831733760,0.64810253,0.64810253,1,131,-0.014312,False,False,False,False,False
109,3630015546177181952,0.64801526,0.64801526,1,132,0.097633,False,False,False,False,False
110,4973763482448692096,0.64689212,0.64689212,1,133,-0.328058,False,False,False,False,False
111,6470597999291000448,0.64685167,0.64685167,1,134,-0.110503,False,False,False,False,False
112,4410702581435191296,0.64664482,0.64664482,1,135,-0.025742,False,False,False,False,False
113,1982655829820397696,0.64650723,0.76965147,0.84,136,0.122478,False,True,False,False,False
114,2035038900276000000,0.64634798,0.64634798,1,137,0.154876,False,False,False,False,False
115,6042493972972455936,0.64594377,0.64594377,1,138,-0.656903,False,False,True,False,False
116,3746973763029907328,0.64445246,0.64445246,1,140,-0.250213,False,False,False,False,False
117,6795261758382371840,0.64363596,0.6996043,0.92,141,-0.074102,False,False,False,False,False
118,4407666005194231808,0.64228276,0.72986677,0.88,144,0.105226,False,False,False,False,False
119,1542896911520969600,0.64225249,0.66901301,0.96,145,0.152531,False,False,False,False,False
120,2565529071371410048,0.64211272,0.64211272,1,146,-0.054851,False,False,False,False,False
121,4223813264304668288,0.64172205,0.64172205,1,147,0.103404,False,False,False,False,False
122,5100356956302641536,0.64165711,0.64165711,1,148,0.008578,False,False,False,False,False
123,1959316084181465856,0.64105666,0.72847348,0.88,149,-0.301802,False,False,True,False,False
124,798068940086479104,0.64050167,0.64050167,1,150,-0.112444,False,False,False,False,False
125,4410595035453942784,0.63963463,0.69525504,0.92,151,0.026573,False,False,False,False,False
126,847330325186182912,0.63940567,0.63940567,1,153,0.131126,False,False,False,False,False
127,3713826030072008192,0.63800123,0.63800123,1,156,-0.008692,False,False,False,False,False
128,2028065934962124928,0.63783845,0.63783845,1,157,-0.404094,False,False,False,False,False
129,4941774600386872960,0.63697918,0.63697918,1,158,0.131586,False,False,False,False,False
130,1175938925836488448,0.63673491,0.63673491,1,159,-0.342117,False,False,False,False,False
131,97334889619799168,0.63656164,0.63656164,1,160,-0.216144,False,False,False,False,False
132,5976715930402680960,0.63637094,0.63637094,1,161,-0.379592,False,False,False,False,False
133,6112090855684709248,0.63528481,0.63528481,1,162,-0.013019,False,False,False,False,False
134,4147993588172928640,0.63447012,0.63447012,1,164,0.146302,False,False,False,False,False
135,220733938598256640,0.63410659,0.63410659,1,165,-0.151397,False,False,False,False,False
136,3826905921905875840,0.63357618,0.75425736,0.84,168,0.123393,False,False,False,False,False
137,5237540926189997824,0.63288063,0.63288063,1,169,-0.049366,False,False,False,False,False
138,160482900421184768,0.63257088,0.63257088,1,170,0.024294,False,False,False,False,False
139,6093381394034220544,0.63058571,0.63058571,1,171,0.076979,False,False,False,False,False
140,2835944953972233856,0.62940454,0.62940454,1,172,-0.059271,False,False,False,False,False
141,1385500207094132096,0.6282078,0.6282078,1,174,-0.234028,False,False,True,False,False
142,4923179694098110848,0.62790116,0.74750138,0.84,175,-0.247308,False,False,False,False,False
143,1300205420771588864,0.6260458,0.6260458,1,177,0.086144,False,False,False,False,False
144,1271823898923983616,0.62494951,0.62494951,1,179,0.055758,False,False,False,False,False
145,4976609705736840960,0.62485846,0.62485846,1,180,0.121189,False,False,False,False,False
146,4525046087008652288,0.62427246,0.62427246,1,181,0.092907,False,False,True,False,False
147,3445808766449470464,0.62373369,0.6779714,0.92,183,0.085427,False,False,False,False,False
148,1473478385905454976,0.62321391,0.62321391,1,184,-0.007978,False,False,False,False,False
149,2571094283835172736,0.62288577,0.62288577,1,185,0.069726,False,False,False,False,False
150,5877865127793207680,0.62248257,0.67661149,0.92,186,0.121137,False,False,False,False,False
151,133359735269472768,0.6207272,0.6207272,1,189,-0.064522,False,False,False,False,False
152,648638403565088768,0.62058748,0.62058748,1,191,-0.000234,False,False,False,False,False
153,5660063041184035328,0.62004509,0.62004509,1,192,-0.042857,False,False,False,False,False
154,2591201534008672256,0.61783449,0.61783449,1,193,0.182671,False,False,True,False,False
155,5207997014358306816,0.61559046,0.64124006,0.96,196,0.118516,False,False,True,False,False
156,6567609525117256576,0.61502149,0.76877686,0.8,197,0.10195,False,False,False,False,False
157,6329012134635132544,0.61490275,0.61490275,1,198,-0.066601,False,False,False,False,False
158,1964791549008457856,0.61451948,0.64012446,0.96,199,0.098277,False,False,False,False,False
159,3680418881090968576,0.61361908,0.61361908,1,200,0.195202,False,False,False,False,False
160,1641352680227622656,0.61347291,0.76684114,0.8,201,0.112404,False,False,False,False,False
161,1165479168642900992,0.61270988,0.61270988,1,203,0.118354,False,False,False,False,False
162,3999433452516434560,0.6126674,0.6126674,1,204,-0.118327,False,False,False,False,False
163,5384065896210582528,0.61158853,0.61158853,1,205,-0.296502,False,False,False,False,False
164,2107257297843283584,0.61143062,0.61143062,1,206,-0.01879,False,False,False,False,False
165,4986885500889922176,0.60992449,0.60992449,1,207,-0.076158,False,False,False,False,False
166,5552366770597464320,0.60728435,0.60728435,1,209,0.08941,False,False,False,False,False
167,2525276565243086080,0.60609407,0.60609407,1,210,-0.368369,False,False,False,False,False
168,6223582782147039360,0.60590585,0.75738232,0.8,211,0.160981,False,False,True,False,False
169,3499296429434610304,0.60589352,0.60589352,1,212,-0.123733,False,False,False,False,False
170,709563717249089792,0.60450672,0.60450672,1,213,0.077781,False,False,False,False,False
171,4568345164145036032,0.6039803,0.6039803,1,215,-0.212533,False,False,False,False,False
172,4446207564241339520,0.60330643,0.60330643,1,216,-0.024088,False,False,False,False,False
173,6526981745838847616,0.60236025,0.60236025,1,217,0.111382,False,False,False,False,False
174,6012446244330608768,0.60225936,0.60225936,1,218,-0.220902,False,False,False,False,False
175,1566921068785635200,0.60223179,0.6843543,0.88,219,0.115981,False,False,False,False,False
176,6528104828246692864,0.60207936,0.60207936,1,220,0.185331,False,False,False,False,False
177,2746378702412807168,0.60191224,0.60191224,1,221,0.021011,False,False,False,False,False
178,4028913901877565184,0.60121248,0.75151559,0.8,223,0.110497,False,False,False,False,False
179,2044289022840065408,0.60080891,0.6827374,0.88,224,0.07572,False,False,False,False,False
180,3475201598476618496,0.60029792,0.7503724,0.8,225,-0.122569,False,False,True,False,False
181,2486388560866377728,0.59970251,0.59970251,1,226,-0.529306,False,False,False,False,False
182,3098328182579892096,0.59700993,0.59700993,1,229,-0.780218,False,False,False,False,False
183,2161121135533953536,0.59594629,0.59594629,1,230,0.047313,False,False,False,False,False
184,3285714066648802816,0.59543581,0.59543581,1,231,-0.236407,False,False,False,False,False
185,4885967788207376896,0.59486416,0.59486416,1,232,-0.006199,False,False,True,False,False
186,5799810625495815040,0.59463682,0.61941335,0.96,233,0.009984,False,False,False,False,False
187,6768500538717144064,0.59382913,0.59382913,1,234,0.152445,False,False,False,False,False
188,4968258979345754624,0.59296754,0.59296754,1,235,0.010168,False,False,False,False,False
189,2398975118715404672,0.59198321,0.59198321,1,236,-0.291098,False,False,False,False,False
190,2312376723918929920,0.59155304,0.59155304,1,237,-0.681036,False,False,False,False,False
191,3595317540095019520,0.59135217,0.59135217,1,238,0.155299,False,False,False,False,False
192,3419824244375400064,0.59112541,0.67173342,0.88,239,0.029564,False,False,False,False,False
193,4829224295199718784,0.59098375,0.73872969,0.8,240,0.067409,False,False,False,False,False
194,2506306454521815040,0.59028836,0.59028836,1,241,-0.346775,False,False,False,False,False
195,2451701339832959232,0.58950138,0.58950138,1,242,-0.659045,False,False,False,False,False
196,3994104184084389504,0.58916466,0.58916466,1,243,-0.208919,False,False,True,False,False
197,46498282316394240,0.58764373,0.58764373,1,245,0.095149,False,False,False,False,False
198,6536984484150014720,0.58703221,0.58703221,1,248,0.185937,False,False,False,False,False
199,527956488339113600,0.58614825,0.58614825,1,249,-0.608847,False,False,False,False,False
200,6343965492773694464,0.58568796,0.58568796,1,250,-0.586706,False,False,False,False,False
201,288484608151416960,0.58561961,0.58561961,1,251,-0.017201,False,False,False,False,False
202,5235291462829758848,0.58539236,0.73174045,0.8,252,-0.355406,False,False,False,False,False
203,4996141155411983744,0.58513914,0.58513914,1,253,-0.242198,False,False,False,False,False
204,5239143876687884160,0.58461419,0.69596927,0.84,254,0.054416,False,False,False,False,False
205,4919497979411495296,0.5835117,0.5835117,1,255,-0.222162,False,False,False,False,False
206,3197487123332369536,0.58339011,0.58339011,1,256,-0.429692,False,False,False,False,False
207,4896480390678599168,0.58276465,0.58276465,1,257,-0.18991,False,False,False,False,False
208,788357434914248448,0.58222141,0.58222141,1,258,0.118508,False,False,False,False,False
209,74203982469858816,0.58215674,0.58215674,1,259,0.057974,False,False,False,False,False
210,1828403625591238144,0.58209599,0.58209599,1,260,-0.08669,False,False,False,False,False
211,2757306336165698304,0.58167124,0.58167124,1,262,-0.283384,False,False,False,False,False
212,1448533628166422656,0.58154514,0.58154514,1,263,0.144437,False,False,False,False,False
213,1717517740469399168,0.57930632,0.68965039,0.84,264,0.116907,False,False,True,False,False
214,415665118140313472,0.57913758,0.57913758,1,265,-0.385818,False,False,False,False,False
215,348020242217448576,0.5789535,0.5789535,1,266,-0.072971,False,False,False,False,False
216,102162639019033600,0.57834516,0.57834516,1,267,-0.068191,False,False,False,False,False
217,1123140411831352064,0.57808728,0.57808728,1,268,-0.011937,False,False,False,False,False
218,909612539297481472,0.57666614,0.65530243,0.88,269,-0.389726,False,False,False,False,False
219,358269546017619840,0.57608629,0.57608629,1,270,-0.109829,False,False,False,False,False
220,1546465994985741056,0.57564669,0.57564669,1,271,-0.194828,False,False,False,False,False
221,1967683917419519360,0.57562063,0.6256746,0.92,272,0.126907,False,False,True,False,False
222,6427708902553822592,0.57555613,0.57555613,1,273,-0.243732,False,False,False,False,False
223,6398188767690594048,0.57528711,0.57528711,1,274,-0.295575,False,False,False,False,False
224,4459548626016199168,0.57327501,0.57327501,1,276,0.132942,False,False,False,False,False
225,1005873614080407296,0.57250194,0.57250194,1,279,-0.102475,False,False,False,False,False
226,634729066075133056,0.57093585,0.57093585,1,280,-0.322638,False,False,False,False,False
227,6316829270920764800,0.57078423,0.62041764,0.92,281,-0.528799,False,False,False,False,False
228,5329034106217022976,0.57054756,0.57054756,1,282,-0.212845,False,False,False,False,False
229,3864228496219589120,0.57020304,0.57020304,1,283,-0.009308,False,False,False,False,False
230,220834234676263936,0.56804922,0.56804922,1,287,-0.107743,False,False,False,False,False
231,1483977656798789120,0.56769823,0.56769823,1,288,-0.519427,False,False,False,False,False
232,2515329665414503808,0.5671848,0.708981,0.8,289,0.088717,False,False,False,False,False
233,415710679155061248,0.56660688,0.56660688,1,290,0.187781,False,False,False,False,False
234,1193998747920687872,0.56602649,0.56602649,1,291,0.042987,False,False,False,False,False
235,1527043603113838976,0.565875,0.61508152,0.92,293,0.070746,False,False,False,False,False
236,2461045814278696448,0.56577527,0.56577527,1,294,-0.285134,False,False,False,False,False
237,1187207476912269568,0.56566384,0.56566384,1,295,0.124572,False,False,False,False,False
238,40111081832057984,0.56504922,0.56504922,1,296,-0.110746,False,False,False,False,False
239,3725701713434643328,0.56496192,0.7062024,0.8,297,-0.039753,False,False,True,False,False
240,1456888782668266240,0.56333244,0.56333244,1,299,-0.123042,False,False,False,False,False
241,271984340237451520,0.56302197,0.6397977,0.88,300,0.091582,False,False,False,False,False
242,569345026583048832,0.5622754,0.70284424,0.8,301,0.073697,False,False,False,False,False
243,6274553461150416000,0.56112986,0.56112986,1,302,0.045712,False,False,False,False,False
244,6042005308777992192,0.56050354,0.56050354,1,303,0.028888,False,False,False,False,False
245,6160591314314568320,0.56006626,0.56006626,1,304,0.129862,False,False,False,False,False
246,3715722687629983104,0.5589737,0.5589737,1,307,0.030644,False,False,False,False,False
247,6069775296000876416,0.55879194,0.55879194,1,309,-0.165352,False,False,False,False,False
248,5252904299084366336,0.55852585,0.55852585,1,311,0.140385,False,False,False,False,False
249,1123681096674583552,0.55788725,0.55788725,1,312,-0.226283,False,False,False,False,False
250,5131385036998273152,0.5578773,0.73404908,0.76,313,-0.163845,False,False,True,False,False
251,4986885500889922304,0.55647295,0.55647295,1,315,-0.057387,False,False,False,False,False
252,4239199589512756352,0.5555235,0.5555235,1,316,-0.150119,False,False,False,False,False
253,3240217301987207936,0.55547636,0.77149495,0.72,317,0.024368,False,False,False,False,False
254,6663600360560306560,0.55535193,0.55535193,1,318,-0.119715,False,False,False,False,False
255,4984686477635291264,0.55529262,0.55529262,1,319,0.015336,False,False,False,False,False
256,4654800210124325760,0.55512389,0.73042618,0.76,320,-0.115873,False,False,False,False,False
257,1421042126620559104,0.55508569,0.69385711,0.8,321,0.081143,False,False,False,False,False
258,5042444235757847296,0.55469571,0.55469571,1,322,0.081989,False,False,False,False,False
259,1276875089700429952,0.55450084,0.55450084,1,323,-0.041042,False,False,False,False,False
260,4977562531344161408,0.55370821,0.57677938,0.96,324,0.11162,False,False,False,False,False
261,6856077189625042688,0.55339321,0.65880144,0.84,325,-0.347174,False,False,False,False,False
262,4404653102818671104,0.55286412,0.72745279,0.76,326,-0.121298,False,False,False,False,False
263,6041641988908636032,0.55283809,0.55283809,1,327,0.134766,False,False,False,False,False
264,1458459916064300288,0.55249956,0.57552037,0.96,328,0.116766,False,False,False,False,False
265,3461973752040992000,0.55230762,0.57532044,0.96,329,-0.096832,False,False,False,False,False
266,1197038485256515328,0.55220485,0.55220485,1,330,0.132563,False,False,False,False,False
267,2564020472698316416,0.55188003,0.68985003,0.8,331,-0.280464,False,False,False,False,False
268,4864744121414768128,0.5517611,0.57475115,0.96,332,-0.006608,False,False,False,False,False
269,2590679197266003200,0.55146586,0.76592481,0.72,333,0.010776,False,False,False,False,False
270,6500382704136408064,0.55073242,0.55073242,1,335,-0.00039,False,False,False,False,False
271,4739382444180814336,0.55039699,0.62545113,0.88,337,-0.03936,False,True,False,False,False
272,394177946510277248,0.55020269,0.55020269,1,338,-0.542356,False,False,False,False,False
273,6788346448719408000,0.54918827,0.54918827,1,341,-0.429149,False,False,False,False,False
274,3648368254580017408,0.54870851,0.65322442,0.84,342,0.135729,False,False,True,False,False
275,3727748630418376704,0.54870841,0.54870841,1,343,-0.688271,False,False,False,False,False
276,4568060562432051584,0.54780519,0.54780519,1,345,0.055669,False,False,False,False,False
277,1458082886652959104,0.54757385,0.54757385,1,346,-0.208526,False,False,False,False,False
278,2028065934962125184,0.5473006,0.5473006,1,347,-0.204276,False,False,False,False,False
279,5060193995564745728,0.54641449,0.62092556,0.88,348,0.145082,False,False,False,False,False
280,6537148826779472512,0.54632649,0.54632649,1,349,-0.039384,False,False,False,False,False
281,6306750631945510016,0.54608864,0.6826108,0.8,350,-0.009841,False,False,False,False,False
282,4347903528137563136,0.54527069,0.64913178,0.84,351,-0.230455,False,False,True,False,False
283,3716608138087936128,0.54474186,0.54474186,1,353,-0.336517,False,False,False,False,False
284,3943234217765374336,0.5440067,0.5440067,1,354,-0.356481,False,False,False,False,False
285,2060325262521404160,0.54393314,0.54393314,1,355,-0.324545,False,False,False,False,False
286,1467576173127694464,0.54382249,0.54382249,1,356,-0.262324,False,False,False,False,False
287,2458183815576180864,0.5436593,0.5436593,1,357,-0.062999,False,False,False,False,False
288,6272325816233230848,0.54354781,0.75492751,0.72,358,-0.092278,False,False,False,False,False
289,4663897706775519744,0.54300129,0.54300129,1,359,-0.12528,False,False,False,False,False
290,6292376372837063808,0.54165497,0.54165497,1,360,-0.003024,False,False,False,False,False
291,4043533145964992896,0.54120349,0.75167152,0.72,361,-0.152679,False,False,False,False,False
292,3652796572020424448,0.54086166,0.54086166,1,362,-0.372143,False,False,False,False,False
293,374419894358485760,0.54068771,0.54068771,1,363,0.096636,False,False,False,False,False
294,5130073422706364544,0.54060504,0.54060504,1,364,-0.452186,False,False,False,False,False
295,6809703667900602112,0.53973292,0.74962905,0.72,366,0.033694,False,False,False,False,False
296,774537776343846656,0.53892531,0.58578838,0.92,368,0.171974,False,False,False,False,False
297,3733148950498224768,0.53831452,0.53831452,1,369,-0.03007,False,False,False,False,False
298,520593986679054976,0.53816123,0.53816123,1,370,-0.054871,False,False,True,False,False
299,97993497084921984,0.53789077,0.53789077,1,371,0.108586,False,False,False,False,False
300,5457248741233535232,0.53685438,0.55922331,0.96,372,0.193409,False,False,False,False,False
301,4890851200382933504,0.53648376,0.67060469,0.8,373,0.013228,False,False,True,False,False
302,3464485826872541440,0.53647552,0.53647552,1,374,-0.113156,False,False,False,False,False
303,325305667722521216,0.53632165,0.58295832,0.92,375,0.019154,False,False,False,False,False
304,1464508260808238464,0.53622386,0.53622386,1,376,-0.142036,False,False,False,False,False
305,6042076502157328256,0.53511829,0.60808897,0.88,378,0.167023,False,False,True,False,False
306,2268636673897630592,0.53510025,0.53510025,1,379,0.150137,False,False,False,False,False
307,258439662652751744,0.53431893,0.53431893,1,380,0.080718,False,False,False,False,False
308,4807375895348209792,0.53370254,0.53370254,1,381,0.001107,False,False,False,False,False
309,2749479806239977600,0.53349968,0.60624964,0.88,382,0.198046,False,False,False,False,False
310,4219693321214609408,0.53311925,0.53311925,1,383,-0.461418,False,False,False,False,False
311,2324618132330648832,0.53241533,0.53241533,1,384,0.012833,False,False,False,False,False
312,4980688722076289024,0.53237643,0.53237643,1,385,-0.158622,False,False,False,False,False
313,470826482637310080,0.53225818,0.53225818,1,386,0.142279,False,False,False,False,False
314,4837026464070585600,0.53225711,0.70033831,0.76,387,0.064321,False,False,False,False,False
315,2616132101175106816,0.53193607,0.66492009,0.8,388,-0.405079,False,False,False,False,False
316,478346661130589184,0.53179926,0.60431734,0.88,389,-0.485026,False,False,False,False,False
317,1864517703470701056,0.53163427,0.57786334,0.92,390,0.187614,False,False,False,False,False
318,1229617530181124736,0.53110033,0.53110033,1,391,-0.085619,False,False,False,False,False
319,4117970250623802880,0.53090627,0.53090627,1,392,-0.047887,False,False,False,False,False
320,3959297940912280832,0.53069268,0.53069268,1,393,0.198935,False,False,False,False,False
321,5036892389232663936,0.53030454,0.53030454,1,394,-0.041823,False,False,False,False,False
322,6228695236338166528,0.52872822,0.52872822,1,396,-0.319358,False,False,False,False,False
323,2543280552367099904,0.52812317,0.52812317,1,398,0.046945,False,False,False,False,False
324,1308058064097406464,0.5280407,0.60004625,0.88,399,-0.424958,False,False,False,False,False
325,3545469496823737984,0.52779103,0.52779103,1,400,-0.035584,False,False,False,False,False
326,65829792677145344,0.52747895,0.52747895,1,401,0.076468,False,False,False,False,False
327,3878334581862379136,0.52681374,0.52681374,1,402,-0.207761,False,False,False,False,False
328,5038413804087622400,0.52658141,0.52658141,1,403,-0.135645,False,False,False,False,False
329,946680542307555200,0.52614644,0.54806921,0.96,404,0.136816,False,False,False,False,False
330,474987206435652608,0.52588243,0.52588243,1,405,-0.115602,False,False,False,False,False
331,4505310574859875200,0.52531771,0.57099751,0.92,406,-0.049392,False,False,False,False,False
332,5042734468172061440,0.52489461,0.52489461,1,407,-0.028983,False,False,False,False,False
333,3442021876605674880,0.52488245,0.69063481,0.76,408,-0.104799,False,False,False,False,False
334,409519707138844160,0.52485506,0.72896536,0.72,409,0.043683,False,False,True,False,False
335,1554433777791815808,0.52254887,0.52254887,1,414,-0.026034,False,False,False,False,False
336,941245621974665984,0.52253417,0.7257419,0.72,415,-0.416451,False,False,False,False,False
337,5849657878535855744,0.52205499,0.72507637,0.72,417,0.069918,False,False,False,False,False
338,3053692202383223680,0.52180005,0.52180005,1,418,0.004198,False,False,False,False,False
339,6190352001701947520,0.52171071,0.52171071,1,419,0.056703,False,False,False,False,False
340,815474621470643968,0.52170766,0.76721715,0.68,420,-0.071251,False,False,False,False,False
341,4424112465761740032,0.52109171,0.68564699,0.76,422,-0.148273,False,False,False,False,False
342,6525562757362258816,0.52089465,0.52089465,1,423,-0.001564,False,False,False,False,False
343,2154880616774131712,0.52029252,0.52029252,1,424,-0.283496,False,False,False,False,False
344,3090905826257480064,0.52008218,0.52008218,1,425,-0.05788,False,False,False,False,False
345,3293468131885305216,0.51981292,0.68396437,0.76,427,-0.502254,False,False,False,False,False
346,66101646928253312,0.51964199,0.51964199,1,428,0.061323,False,False,False,False,False
347,3138018799995301632,0.51950165,0.51950165,1,429,-0.28504,False,False,False,False,False
348,1257273099478139008,0.51939342,0.51939342,1,430,-0.172603,False,False,False,False,False
349,2981185389121883520,0.51937674,0.51937674,1,431,0.031838,False,False,False,False,False
350,3942488199125926656,0.5191391,0.5191391,1,432,0.160162,False,False,False,False,False
351,1480967709357977728,0.51893732,0.51893732,1,434,-0.550088,False,False,False,False,False
352,1643246795164127616,0.51871616,0.51871616,1,435,0.087457,False,False,False,False,False
353,6189329043571426944,0.51845479,0.51845479,1,436,-0.134084,False,False,False,False,False
354,4426270875805011840,0.5178752,0.5178752,1,437,0.102357,False,False,False,False,False
355,2986238538404084352,0.51764904,0.562662,0.92,438,-0.132446,False,False,False,False,False
356,823471575697569920,0.51748129,0.68089644,0.76,439,-0.227565,False,False,True,False,False
357,109991230528437376,0.51720544,0.51720544,1,440,-0.084804,False,False,False,False,False
358,2551558126873239552,0.51658964,0.51658964,1,441,-0.000281,False,False,False,False,False
359,1313550159037683840,0.51650634,0.56141993,0.92,442,0.196383,False,False,True,False,False
360,6421374031949679744,0.51634149,0.51634149,1,443,-0.030948,False,False,False,False,False
361,4706483132131647232,0.51597646,0.51597646,1,445,-0.212326,False,False,False,False,False
362,4078074883526282240,0.5146318,0.58480886,0.88,446,0.081954,False,False,True,False,False
363,2781242085825625088,0.51423721,0.51423721,1,447,0.174765,False,False,False,False,False
364,3600338081985998080,0.51330152,0.55793643,0.92,449,-0.118931,False,False,False,False,False
365,2457862762476854656,0.51189481,0.51189481,1,450,-0.693602,False,False,False,False,False
366,6693627198475090816,0.51181286,0.51181286,1,451,-0.074149,False,False,False,False,False
367,750586216906847104,0.51166696,0.6395837,0.8,452,-0.219915,False,False,False,False,False
368,3686261307923490688,0.51137,0.51137,1,453,-0.057422,False,False,False,False,False
369,496663940735093504,0.51131021,0.51131021,1,454,-0.133397,False,False,False,False,False
370,5151311314429797248,0.51125627,0.51125627,1,455,-0.462373,False,False,False,False,False
371,1983844092653175296,0.51101653,0.67239018,0.76,456,-0.00623,False,False,False,False,False
372,1049765602862192768,0.51097159,0.58064953,0.88,457,-0.055829,False,False,False,False,False
373,6735656923825446144,0.51094541,0.51094541,1,458,0.159773,False,False,False,False,False
374,3173675309247881728,0.51092836,0.51092836,1,459,-0.165412,False,False,False,False,False
375,6451575245539618944,0.51074949,0.51074949,1,460,0.12215,False,False,False,False,False
376,806893276814027008,0.51068977,0.55509758,0.92,461,-0.175805,False,False,True,False,False
377,361744174557328256,0.51036833,0.75054166,0.68,462,0.092384,False,False,True,False,False
378,3675105693014139264,0.50959178,0.50959178,1,465,-0.006715,False,False,False,False,False
379,958460714184910976,0.50944186,0.50944186,1,466,0.050083,False,False,False,False,False
380,6725692153026449792,0.50929188,0.53051238,0.96,467,0.148303,False,False,False,False,False
381,5463181705976708864,0.50888243,0.50888243,1,468,-0.39089,False,False,False,False,False
382,2746378702413952768,0.50857499,0.50857499,1,469,0.044299,False,False,False,False,False
383,2995147022130673024,0.50819467,0.7473451,0.68,470,-0.07076,False,False,False,False,False
384,5326538695847920384,0.50808593,0.74718519,0.68,471,-0.005804,False,False,False,False,False
385,6866179463802637440,0.50803257,0.6684639,0.76,472,-0.212684,False,False,False,False,False
386,5024570128059894912,0.50750843,0.66777425,0.76,473,-0.273262,False,False,False,False,False
387,1565801113113783936,0.50667622,0.52778773,0.96,474,-0.100945,False,False,False,False,False
388,597270044946981632,0.50575349,0.60208749,0.84,475,-0.583019,False,False,False,False,False
389,2551862790380630400,0.50365075,0.50365075,1,477,0.167911,False,False,False,False,False
390,1155910118945913728,0.50320229,0.50320229,1,478,-0.214564,False,False,False,False,False
391,772320886023525504,0.5031164,0.5031164,1,480,0.155798,False,False,False,False,False
392,5058523218925855488,0.50288033,0.50288033,1,481,-0.389029,False,False,False,False,False
393,6180147361270517376,0.50279878,0.50279878,1,482,0.126993,False,False,False,False,False
394,6531677691280151680,0.50262941,0.50262941,1,483,-0.331712,False,False,False,False,False
395,350638248123172480,0.50146298,0.5698443,0.88,485,0.18536,False,False,False,False,False
396,6153483658836320384,0.50134263,0.50134263,1,486,-0.332162,False,False,False,False,False
397,3583816442309810560,0.50111831,0.50111831,1,488,0.105363,False,False,False,False,False
398,3171972337534644864,0.50073774,0.50073774,1,489,-0.170602,False,False,False,False,False
399,5165286828773802880,0.50041508,0.50041508,1,490,0.048896,False,False,False,False,False
400,614050997568594944,0.4989557,0.62369463,0.8,491,-0.359169,False,False,False,False,False
401,378238807481519616,0.49724967,0.49724967,1,493,0.17193,False,False,False,False,False
402,777347921904919936,0.49688299,0.65379341,0.76,495,0.048944,False,False,False,False,False
403,2565412110822087424,0.49651687,0.49651687,1,496,-0.04299,False,False,False,False,False
404,355270456253138048,0.49642299,0.77566092,0.64,497,0.007465,False,True,False,False,False
405,2620363395580610816,0.49603924,0.49603924,1,499,0.196983,False,False,False,False,False
406,4422809711989181824,0.49594411,0.49594411,1,500,-0.143731,False,False,False,False,False
407,1078773262224027648,0.49536233,0.49536233,1,501,0.060898,False,False,False,False,False
408,2622218413430841728,0.49514413,0.72815313,0.68,502,0.148406,False,False,False,False,False
409,1089709966947267968,0.49479705,0.49479705,1,504,0.070294,False,False,False,False,False
410,215350076836032384,0.49450806,0.53750876,0.92,505,0.111073,False,False,False,False,False
411,5661077924778519552,0.49390751,0.49390751,1,507,0.012256,False,False,False,False,False
412,4414858219987352320,0.49328128,0.49328128,1,508,-0.023793,False,False,False,False,False
413,2595081092068004736,0.49292469,0.49292469,1,509,-0.157573,False,False,False,False,False
414,3746699297439134336,0.4922992,0.4922992,1,511,0.144196,False,False,False,False,False
415,4887518305760757376,0.49197523,0.64733583,0.76,512,-0.207889,False,False,False,False,False
416,2758088501249660544,0.49156771,0.55859967,0.88,513,0.075438,False,False,False,False,False
417,1516255023222562560,0.49071707,0.53338812,0.92,515,0.180333,False,False,False,False,False
418,1209281375431039104,0.49064263,0.49064263,1,516,-0.607913,False,False,False,False,False
419,3635522454073526272,0.49052403,0.49052403,1,517,0.128783,False,False,False,False,False
420,3908056236588331136,0.48906394,0.48906394,1,519,-0.195174,False,False,False,False,False
421,4453239765733463936,0.48845185,0.48845185,1,520,-0.129414,False,False,False,False,False
422,6898657942070550144,0.48816466,0.67800647,0.72,521,0.001224,False,False,False,False,False
423,641698561046235776,0.48798866,0.55453257,0.88,522,0.074492,False,False,False,False,False
424,5643504911477979136,0.4874586,0.4874586,1,525,0.129524,False,False,True,False,False
425,2322561156529549440,0.48725669,0.48725669,1,526,0.118826,False,False,False,False,False
426,1047957520414556032,0.48658515,0.48658515,1,529,-0.008236,False,False,False,False,False
427,2665079816223169664,0.4861644,0.67522833,0.72,530,0.11644,False,False,True,False,False
428,1106185289698625664,0.48601519,0.50626582,0.96,531,-0.056754,False,False,False,False,False
429,1348992229164290432,0.48574658,0.48574658,1,533,0.117741,False,False,False,False,False
430,6013642341180098432,0.48572049,0.48572049,1,534,-0.024283,False,False,False,False,False
431,3703320196469757568,0.48532869,0.48532869,1,537,0.117325,False,False,False,False,False
432,3737299190281888256,0.4853118,0.4853118,1,538,0.194436,False,False,False,False,False
433,469602107717323392,0.48515182,0.48515182,1,539,-0.242233,False,False,False,False,False
434,6140884286374656000,0.48484152,0.48484152,1,540,-0.008631,False,False,False,False,False
435,4555160366163051904,0.48478241,0.67330891,0.72,541,-0.245461,False,False,False,False,False
436,3552559903713192192,0.48472086,0.5268705,0.92,542,-0.304504,False,False,False,False,False
437,3743785248027969792,0.48440324,0.50458671,0.96,543,0.07265,False,False,False,False,False
438,5941374534288441728,0.48357988,0.48357988,1,544,0.0937,False,False,True,False,False
439,6446274293824799488,0.48263966,0.48263966,1,545,-0.095182,False,False,False,False,False
440,2135110259540829824,0.48213114,0.70901639,0.68,546,0.025045,False,False,False,False,False
441,1159745146784043264,0.48186767,0.48186767,1,547,-0.003353,False,False,False,False,False
442,5082514940600694272,0.48171771,0.48171771,1,548,-0.321332,False,False,False,False,False
443,4778368171562305920,0.48154746,0.48154746,1,549,-0.263798,False,False,False,False,False
444,5283572358415163776,0.48147526,0.60184407,0.8,550,-0.343363,False,False,False,False,False
445,4242728884389090944,0.48127823,0.70776211,0.68,551,0.189152,False,False,False,False,False
446,3479221035031532416,0.48080586,0.48080586,1,552,-0.215725,False,False,False,False,False
447,1176265480790092800,0.48052221,0.48052221,1,553,0.17648,False,False,False,False,False
448,1532764533910285568,0.48017152,0.48017152,1,554,-0.534341,False,False,False,False,False
449,6361498408269680000,0.4800666,0.54553023,0.88,555,-0.092718,False,False,False,False,False
450,1117132130541140736,0.48003907,0.48003907,1,556,-0.095772,False,False,False,False,False
451,5849498037033809920,0.48001376,0.6000172,0.8,557,0.0298,False,False,False,False,False
452,6096529059601571200,0.47963249,0.47963249,1,558,0.040015,False,False,False,False,False
453,42108271687608576,0.47876806,0.54405462,0.88,559,0.040329,False,False,False,False,False
454,5169649072437050496,0.47873408,0.47873408,1,560,0.046318,False,False,False,False,False
455,3483307365699695232,0.47863145,0.54389937,0.88,561,0.054854,False,False,False,False,False
456,2985451459877085696,0.47862516,0.74785181,0.64,562,0.176147,False,False,False,False,False
457,4966347173439337856,0.47859242,0.59824052,0.8,563,0.107312,False,False,True,False,False
458,1361792640455796096,0.47813333,0.47813333,1,564,-0.267155,False,False,False,False,False
459,3118838915253431040,0.47803014,0.47803014,1,565,-0.446823,False,False,False,False,False
460,5461478699903920128,0.47731162,0.47731162,1,566,-0.187586,False,False,False,False,False
461,3607368634211520512,0.47729537,0.5423811,0.88,567,0.169132,False,False,False,False,False
462,6470468772315704448,0.47720092,0.47720092,1,568,-0.294197,False,False,False,False,False
463,1809359465717142656,0.47666567,0.47666567,1,571,0.074348,False,False,False,False,False
464,3581889376383706880,0.4765085,0.4765085,1,572,0.186468,False,False,False,False,False
465,3517841140438425600,0.47588579,0.47588579,1,573,-0.375792,False,False,False,False,False
466,1231853730673656960,0.47556859,0.47556859,1,574,-0.077067,False,False,False,False,False
467,1342538714384793344,0.47553685,0.47553685,1,575,0.129393,False,False,False,False,False
468,6834858882948132864,0.47509183,0.47509183,1,576,-0.626169,False,False,False,False,False
469,3902960824827195776,0.47458575,0.56498304,0.84,577,0.043936,False,False,False,False,False
470,1530331933155079808,0.47441703,0.47441703,1,579,-0.205575,False,False,False,False,False
471,6371557530914670848,0.47441131,0.47441131,1,580,0.065763,False,False,False,False,False
472,1461125613285603840,0.47363726,0.47363726,1,582,-0.257921,False,False,False,False,False
473,1302838991637936256,0.47291575,0.47291575,1,584,-0.133318,False,False,False,False,False
474,70412316624566272,0.47263943,0.47263943,1,585,0.004531,False,False,True,False,False
475,4436551790565201408,0.47237061,0.47237061,1,586,0.073256,False,False,False,False,False
476,6426914196162971264,0.47200245,0.69412125,0.68,587,-0.006016,False,True,False,False,False
477,422701202288260608,0.47194556,0.65547995,0.72,588,-0.65439,False,False,False,False,False
478,3530383784971799680,0.47154996,0.47154996,1,589,-0.102052,False,False,False,False,False
479,6492999277396746752,0.47118902,0.47118902,1,591,-0.22218,False,False,False,False,False
480,6274543118869172864,0.47060863,0.6536231,0.72,592,0.062626,False,False,False,False,False
481,2739882718997786752,0.47033082,0.47033082,1,593,0.034106,False,False,False,False,False
482,5885471411757745408,0.47029789,0.47029789,1,594,0.112928,False,False,False,False,False
483,4102780020842452736,0.46924738,0.78207896,0.6,596,0.138031,False,False,False,False,False
484,6561146458331160320,0.46886924,0.46886924,1,597,-0.44586,False,False,False,False,False
485,2458168323630090240,0.46882922,0.46882922,1,598,-0.242676,False,False,False,False,False
486,4586708863756382336,0.4687253,0.4687253,1,599,0.193905,False,False,False,False,False
487,5571142580908768384,0.46865309,0.46865309,1,600,0.064532,False,False,False,False,False
488,4566158991430299520,0.46828902,0.46828902,1,602,0.046876,False,False,False,False,False
489,5702055035220455552,0.46782591,0.6155604,0.76,603,-0.388121,False,False,False,False,False
490,4721571038711232768,0.46772512,0.46772512,1,604,-0.364277,False,False,False,False,False
491,1118916397395366656,0.46770758,0.46770758,1,605,-0.183532,False,False,False,False,False
492,2043008401032753152,0.46728942,0.48675981,0.96,606,-0.080315,False,False,False,False,False
493,5438607582442820096,0.46715062,0.46715062,1,607,0.181503,False,False,False,False,False
494,5023062972496259456,0.46684844,0.46684844,1,608,0.169118,False,False,False,False,False
495,5238553851244534400,0.46678038,0.64830609,0.72,609,-0.816151,False,False,False,False,False
496,4224351543961625728,0.46660819,0.50718281,0.92,610,-0.385996,False,False,False,False,False
497,2214722739710271488,0.46567046,0.6848095,0.68,613,-0.080316,False,False,False,False,False
498,1691738453404634368,0.46553124,0.61254111,0.76,614,0.050882,False,False,False,False,False
499,4975847194422433280,0.46536212,0.46536212,1,615,0.063531,False,False,False,False,False
500,3959518294210048128,0.46510855,0.50555277,0.92,617,-0.246345,False,False,False,False,False
501,4426270940229616256,0.46492401,0.77487335,0.6,618,0.197699,False,False,False,False,False
502,5718996555205454336,0.46449201,0.46449201,1,619,0.081063,False,False,False,False,False
503,2808854877248978304,0.46445796,0.46445796,1,620,-0.083092,False,False,False,False,False
504,2313836325604479872,0.46430588,0.46430588,1,621,0.0828,False,False,False,False,False
505,2379962604166006016,0.46398188,0.46398188,1,622,-0.23358,False,False,False,False,False
506,488198628914682112,0.46388813,0.77314688,0.6,623,0.116118,False,False,False,False,False
507,3806982805570239104,0.46380797,0.52705451,0.88,625,-0.216647,False,False,True,False,False
508,848178083009862656,0.46344923,0.46344923,1,626,-0.432071,False,False,False,False,False
509,4181867308017305088,0.46308523,0.57885654,0.8,627,-0.188307,False,False,False,False,False
510,5067008970494311936,0.46301036,0.46301036,1,628,0.116108,False,False,False,False,False
511,3049145756162038656,0.46300119,0.60921209,0.76,629,-0.539347,False,False,False,False,False
512,216387191178769152,0.4626871,0.4626871,1,630,0.1294,False,False,False,False,False
513,6558265325547297536,0.46249012,0.46249012,1,631,-0.303928,False,False,False,False,False
514,3712654431713366144,0.46245191,0.46245191,1,632,-0.218653,False,False,False,False,False
515,4991527913860354176,0.46224547,0.57780683,0.8,633,0.100265,False,False,True,False,False
516,3637680142564362880,0.4618633,0.4618633,1,635,-0.067515,False,False,False,False,False
517,5034762222891556352,0.46172866,0.46172866,1,636,0.1886,False,False,False,False,False
518,3531877368440313472,0.46165519,0.67890469,0.68,637,0.101422,False,False,False,False,False
519,1532844111064539904,0.46161911,0.46161911,1,638,0.059876,False,False,False,False,False
520,868209703104242048,0.46159974,0.46159974,1,639,0.19984,False,False,False,False,False
521,5414293708159714048,0.46150017,0.76916696,0.6,640,0.040052,False,False,True,False,False
522,2590110126983850752,0.46133211,0.46133211,1,641,0.10484,False,False,False,False,False
523,423562978889443968,0.4609863,0.67792103,0.68,643,0.084066,False,False,True,False,False
524,1720039745265724288,0.46049351,0.7195211,0.64,645,0.175678,False,True,False,False,False
525,3686259727375524864,0.4604911,0.4604911,1,646,-0.315111,False,False,False,False,False
526,523632555790460928,0.46038518,0.63942387,0.72,647,0.160303,False,False,False,False,False
527,2452167910719793664,0.45930853,0.52194151,0.88,649,-0.109373,False,False,False,False,False
528,6288785677099186176,0.45858537,0.49846235,0.92,651,-0.257286,False,False,False,False,False
529,1833121011508266624,0.45846011,0.63675015,0.72,652,-0.318396,False,False,False,False,False
530,2276449837884804480,0.45845322,0.45845322,1,653,0.123949,False,False,False,False,False
531,6513677071024617216,0.45837108,0.57296385,0.8,654,-0.101998,False,False,False,False,False
532,6368305965792735872,0.45816248,0.4980027,0.92,655,-0.494424,False,False,False,False,False
533,553153068596756992,0.45808101,0.45808101,1,658,-0.049378,False,False,False,False,False
534,2210745153315950464,0.45801201,0.45801201,1,659,0.118955,False,False,False,False,False
535,5629282488047547648,0.45771194,0.45771194,1,661,0.107465,False,False,False,False,False
536,3902307268243107456,0.45767394,0.45767394,1,662,0.084133,False,False,False,False,False
537,6394330650108004992,0.45726889,0.45726889,1,663,0.09,False,False,False,False,False
538,3720205701478602624,0.45700441,0.45700441,1,664,-0.635445,False,False,False,False,False
539,1643523322338628736,0.45656339,0.45656339,1,666,-0.108998,False,False,False,False,False
540,3255536595635970048,0.45621397,0.45621397,1,667,0.12145,False,False,False,False,False
541,4975579532060721152,0.45607068,0.45607068,1,668,-0.15411,False,False,False,False,False
542,3709637096929192960,0.45606705,0.45606705,1,669,0.12607,False,False,False,False,False
543,6235533167875990272,0.45520939,0.45520939,1,670,0.010701,False,False,False,False,False
544,3139847906307949696,0.45456717,0.45456717,1,671,0.130857,False,False,False,False,False
545,2617655985637397888,0.45453196,0.49405648,0.92,672,-0.220918,False,False,False,False,False
546,2943245503456179072,0.45428785,0.54081887,0.84,673,-0.28793,False,False,False,False,False
547,5475585193569197440,0.45413166,0.59754166,0.76,675,0.049934,False,False,False,False,False
548,5916527873597888512,0.45409693,0.49358362,0.92,676,0.089717,False,False,False,False,False
549,6428547245809055232,0.45291482,0.70767941,0.64,678,-0.058995,False,False,False,False,False
550,1070519572033023232,0.45281769,0.45281769,1,679,-0.023387,False,False,False,False,False
551,1656076893269778432,0.45269714,0.45269714,1,680,-0.101645,False,False,False,False,False
552,1184420558533569664,0.45232048,0.45232048,1,681,-0.010462,False,False,False,False,False
553,5654624444358527872,0.45220148,0.80750264,0.56,683,0.110157,False,False,False,False,False
554,5482312349304478976,0.45203546,0.45203546,1,685,-0.040388,False,False,False,False,False
555,3210711671234654848,0.45156136,0.45156136,1,686,0.114163,False,False,False,False,False
556,6504201617257053056,0.45027403,0.45027403,1,691,0.058224,False,False,False,False,False
557,3795863646341435904,0.45001083,0.56251354,0.8,693,-0.283475,False,False,False,False,False
558,1880615309603870720,0.44975607,0.66140598,0.68,694,-0.35042,False,False,False,False,False
559,304252910564098176,0.44928506,0.59116455,0.76,696,0.077366,False,False,False,False,False
560,3937636569708508800,0.4492091,0.46792614,0.96,697,-0.150486,False,False,False,False,False
561,3249223333010484480,0.44898866,0.44898866,1,698,-0.184932,False,False,False,False,False
562,5533334018175191168,0.44887219,0.66010617,0.68,699,0.108452,False,False,False,False,False
563,1235125877277843840,0.44856021,0.44856021,1,700,-0.114355,False,False,False,False,False
564,4398623381046659712,0.44821844,0.44821844,1,702,0.097628,False,False,False,False,False
565,50327361624037120,0.44814392,0.70022487,0.64,703,-0.252091,False,False,False,False,False
566,6254033894121581952,0.4480941,0.70014703,0.64,704,-0.247275,False,False,False,False,False
567,1408029509583934464,0.44773033,0.44773033,1,705,-0.230467,False,False,False,False,False
568,2377708708408848640,0.44749406,0.55936758,0.8,706,-0.225599,False,False,False,False,False
569,1253709307414567168,0.44720884,0.44720884,1,708,-0.169457,False,False,False,False,False
570,3794983903896750336,0.44711869,0.44711869,1,709,-0.067869,False,False,False,False,False
571,1909069085687592576,0.44706107,0.44706107,1,710,0.108563,False,False,False,False,False
572,1966500666818816896,0.44691356,0.44691356,1,711,0.113008,False,False,False,False,False
573,1530211811510593664,0.44677876,0.44677876,1,712,0.160581,False,False,False,False,False
574,3669284466138039040,0.44573797,0.74289661,0.6,714,0.160984,False,False,True,False,False
575,3903318372263850368,0.44520377,0.44520377,1,716,0.072146,False,False,False,False,False
576,1062935140823485184,0.44496184,0.44496184,1,718,0.082818,False,False,False,False,False
577,3959465723810341632,0.44438728,0.69435512,0.64,720,-0.168587,False,False,True,False,False
578,4535992721693216256,0.44436409,0.44436409,1,721,0.109833,False,False,False,False,False
579,5755594005883829120,0.44364235,0.61616994,0.72,722,0.121357,False,False,True,False,False
580,310361140039987584,0.44312123,0.44312123,1,723,0.028632,False,False,False,False,False
581,2061075576101676032,0.44257298,0.55321622,0.8,724,0.057112,False,False,True,False,False
582,4223944037466074112,0.4422012,0.737002,0.6,725,0.111487,False,True,False,False,False
583,2653762573103102592,0.44193462,0.44193462,1,727,0.131977,False,False,False,False,False
584,3617948169453472768,0.44162448,0.501846,0.88,728,-0.100458,False,False,False,False,False
585,4338038572372157056,0.44142766,0.47981267,0.92,730,0.150602,False,False,False,False,False
586,1563521722430875264,0.44119546,0.64881686,0.68,731,0.148758,False,False,False,False,False
587,3250876727917473536,0.44118512,0.44118512,1,732,-0.075423,False,False,True,False,False
588,3850532189108251008,0.44089794,0.44089794,1,733,-0.449091,False,False,False,False,False
589,1996596911406176000,0.43985554,0.61091047,0.72,734,-0.293481,False,False,False,False,False
590,2308709474682117504,0.43982881,0.47807479,0.92,735,-0.119084,False,False,False,False,False
591,617534662721410816,0.43973681,0.43973681,1,736,-0.325077,False,False,False,False,False
592,572320030170942848,0.43966816,0.73278026,0.6,737,-0.21637,False,False,False,False,False
593,74740028748392832,0.43955755,0.6104966,0.72,738,-0.334621,False,False,False,False,False
594,5037566488643833216,0.43943919,0.43943919,1,739,-0.420711,False,False,False,False,False
595,1182967072881805568,0.4394292,0.64621941,0.68,740,0.032774,False,False,False,False,False
596,4647852361775763712,0.43889314,0.43889314,1,742,0.064872,False,False,False,False,False
597,138999542724521728,0.43865813,0.43865813,1,743,-0.276743,False,False,False,False,False
598,6309313215592937728,0.43853881,0.64491002,0.68,744,0.191295,False,False,False,False,False
599,3816562987822218752,0.43848153,0.52200182,0.84,745,-0.03521,False,False,False,False,False
600,6109610086872510592,0.43762516,0.43762516,1,747,-0.243947,False,False,False,False,False
601,6628223470851908992,0.43744559,0.49709727,0.88,748,-0.412247,False,True,False,False,False
602,6039144001564707072,0.43741591,0.43741591,1,749,0.173847,False,False,False,False,False
603,4742946236243914880,0.43699777,0.43699777,1,750,0.123163,False,False,False,False,False
604,2061356089019467008,0.43668384,0.49623164,0.88,753,0.192596,False,False,False,False,False
605,5165151485764431360,0.43668359,0.47465607,0.92,754,-0.328666,False,False,False,False,False
606,5168398373665537536,0.43659583,0.43659583,1,755,-0.334839,False,False,False,False,False
607,4530873876601669504,0.43633529,0.43633529,1,756,-0.657561,False,False,False,False,False
608,2443593850327171712,0.43617883,0.43617883,1,757,-0.024037,False,False,True,False,False
609,2669873515120908544,0.43601536,0.43601536,1,758,-0.227935,False,False,False,False,False
610,2788769028896753664,0.43588935,0.43588935,1,759,-0.09797,False,False,False,False,False
611,4799647840433398528,0.43587343,0.68105224,0.64,760,0.182802,False,False,False,False,False
612,3562157781229213312,0.43585876,0.45401954,0.96,761,-0.821207,False,False,False,False,False
613,3794437034301022720,0.43534978,0.43534978,1,763,-0.031653,False,False,False,False,False
614,3467335383054605440,0.4352413,0.68006453,0.64,764,0.076557,False,False,False,False,False
615,1348028919540189056,0.43511976,0.43511976,1,765,-0.040063,False,False,False,False,False
616,6745394611098654336,0.43507748,0.57247037,0.76,766,-0.467874,False,False,False,False,False
617,3878225863355271680,0.43478148,0.5720809,0.76,767,0.124132,False,False,False,False,False
618,765889739433315584,0.43437753,0.43437753,1,768,-0.10014,False,False,False,False,False
619,6448988025960877184,0.43432588,0.43432588,1,769,-0.192068,False,False,False,False,False
620,5872173299677223040,0.43401348,0.43401348,1,770,-0.063242,False,False,False,False,False
621,4597881345001576320,0.43386188,0.49302486,0.88,771,0.121443,False,False,False,False,False
622,2218904319868065408,0.43375131,0.43375131,1,772,0.158029,False,False,False,False,False
623,6157520893734697088,0.43342183,0.43342183,1,774,0.018123,False,False,False,False,False
624,6293916376311538944,0.43294904,0.43294904,1,775,0.101148,False,False,False,False,False
625,4732538568412966784,0.4328481,0.77294304,0.56,776,-0.035853,False,False,True,False,False
626,716765690209491968,0.43254716,0.43254716,1,779,0.165695,False,False,True,False,False
627,3402193923314871296,0.43250868,0.51489128,0.84,780,0.167273,False,False,False,False,False
628,1183980371630661504,0.43205205,0.43205205,1,781,0.074848,False,False,False,False,False
629,3809342082645558016,0.43122157,0.43122157,1,783,0.142233,False,False,False,False,False
630,3600284068477250176,0.43040161,0.43040161,1,784,0.02051,False,False,False,False,False
631,2261455900896162176,0.42997318,0.76780925,0.56,785,-0.073372,False,True,False,False,False
632,3753570283039670656,0.42974283,0.44764878,0.96,786,-0.355364,False,False,False,False,False
633,4821768609930430336,0.42906685,0.48757597,0.88,788,-0.500943,False,False,True,False,False
634,4349685321090769024,0.4290628,0.4290628,1,789,-0.282262,False,False,False,False,False
635,1106845580792191872,0.42880854,0.76572953,0.56,790,-0.097379,False,False,False,False,False
636,1600692568433316224,0.42879584,0.76570686,0.56,791,-0.034424,False,False,False,False,False
637,943688191349024000,0.4286863,0.4286863,1,792,-0.528971,False,False,False,False,False
638,4206618517355209088,0.42859668,0.76535122,0.56,793,-0.119526,False,False,False,False,False
639,893214796542513280,0.42835717,0.42835717,1,795,-0.018169,False,False,False,False,False
640,1985619529055155584,0.42817586,0.48656348,0.88,796,0.171853,False,False,True,False,False
641,6264288729835641472,0.42755479,0.42755479,1,799,-0.252874,False,False,False,False,False
642,1172618435080418176,0.42748181,0.42748181,1,800,0.190872,False,False,False,False,False
643,257155158190263808,0.4270971,0.50844892,0.84,801,0.096256,False,False,False,False,False
644,4503423641091795712,0.42696042,0.42696042,1,802,0.163655,False,False,False,False,False
645,6814962601568904576,0.42662706,0.42662706,1,803,0.183937,False,False,False,False,False
646,907066684548911872,0.4264265,0.4264265,1,804,0.004186,False,False,False,False,False
647,5400741883744783616,0.42589343,0.42589343,1,805,-0.382635,False,False,False,False,False
648,2422178937229636352,0.42558695,0.42558695,1,807,-0.031389,False,False,False,False,False
649,2668249051115631232,0.4255804,0.4255804,1,808,-0.434177,False,False,False,False,False
650,5485691079819166208,0.42554201,0.50659763,0.84,809,0.066848,False,False,True,False,False
651,3511397894924621952,0.42513701,0.42513701,1,810,-0.160151,False,False,False,False,False
652,6157539722871359104,0.42512268,0.75914764,0.56,811,-0.034137,False,False,False,False,False
653,6041911197456468608,0.42462818,0.42462818,1,813,-0.769918,False,False,False,False,False
654,4520304202620264704,0.42442597,0.42442597,1,814,-0.881511,False,False,False,False,False
655,4028904384230040192,0.42434379,0.42434379,1,815,0.193629,False,False,False,False,False
656,754686918536500736,0.42369019,0.50439308,0.84,816,-0.229561,False,False,False,False,False
657,6293565593446524416,0.42353145,0.42353145,1,817,0.070816,False,False,False,False,False
658,6781252949452028160,0.42309041,0.42309041,1,818,0.171176,False,False,False,False,False
659,6402860489518406144,0.42303492,0.42303492,1,819,-0.132035,False,False,False,False,False
660,1218674395892254080,0.4225939,0.75463197,0.56,820,-0.04318,False,False,False,False,False
661,1129149723913123456,0.42176602,0.42176602,1,821,-0.132509,False,False,False,False,False
662,4390575849288658304,0.42142438,0.42142438,1,822,-0.079051,False,False,True,False,False
663,1899799313612629504,0.42134548,0.42134548,1,823,-0.182716,False,False,False,False,False
664,3981077930524474240,0.42104856,0.45766147,0.92,824,-0.457585,False,False,False,False,False
665,854034047579787264,0.42065973,0.42065973,1,826,-0.471489,False,False,False,False,False
666,6082433732851849728,0.42002185,0.75003901,0.56,827,0.180247,False,False,False,False,False
667,179371719912574208,0.4199353,0.74988447,0.56,828,0.164688,False,False,False,False,False
668,1016640817918422272,0.41986106,0.41986106,1,829,0.079222,False,False,False,False,False
669,161711776464175744,0.41937321,0.5824628,0.72,830,0.199115,False,False,False,False,False
670,5241011156681563136,0.41934657,0.41934657,1,831,-0.046388,False,False,False,False,False
671,6753514362730896768,0.41886544,0.47598346,0.88,832,0.123739,False,False,False,False,False
672,6456884409233519360,0.41845772,0.41845772,1,834,-0.559451,False,False,False,False,False
673,3123502222851547008,0.41820363,0.69700605,0.6,836,-0.152559,False,False,False,False,False
674,373838214051410816,0.41818033,0.41818033,1,837,-0.047793,False,False,False,False,False
675,1521018863507847936,0.41789244,0.41789244,1,839,0.028038,False,False,False,False,False
676,3279355522185716352,0.41784052,0.61447135,0.68,840,-0.008803,False,False,False,False,False
677,1480717226865294336,0.41680769,0.41680769,1,843,0.144942,False,False,False,False,False
678,4777350436112818560,0.41624441,0.41624441,1,844,-0.177965,False,False,True,False,False
679,2741901697224268928,0.41570493,0.41570493,1,845,0.038245,False,False,False,False,False
680,1782159025497911552,0.41553311,0.57712932,0.72,846,-0.031303,False,False,False,False,False
681,3069702637864959360,0.41521314,0.41521314,1,848,-0.148974,False,False,False,False,False
682,3397376825433540608,0.4148911,0.49391797,0.84,849,0.196124,False,False,False,False,False
683,5729783691976713472,0.41478089,0.64809513,0.64,850,-0.327851,False,False,False,False,False
684,4012446756746890368,0.41408346,0.4929565,0.84,852,-0.13534,False,False,False,False,False
685,4889633422535287680,0.41348673,0.41348673,1,854,0.154502,False,False,False,False,False
686,6528803464806561664,0.41342575,0.41342575,1,855,-0.183786,False,False,False,False,False
687,1655482224982135040,0.41321831,0.41321831,1,856,-0.541611,False,False,False,False,False
688,2925844735519409792,0.41303357,0.46935633,0.88,857,-0.6109,False,False,True,False,False
689,3551242001587858560,0.41302394,0.46934539,0.88,858,0.136035,False,False,True,False,False
690,5064801739557130880,0.41285211,0.41285211,1,859,-0.419923,False,False,False,False,False
691,2012307768639931648,0.4127925,0.68798749,0.6,860,-0.151122,False,False,False,False,False
692,4276632394156013440,0.41258377,0.41258377,1,861,-0.109629,False,False,False,False,False
693,4370790103191277568,0.41207064,0.54219821,0.76,863,0.1113,False,False,True,False,False
694,968319107238317696,0.41163984,0.79161507,0.52,864,0.111828,False,False,False,False,False
695,1066307617863940864,0.4114094,0.68568233,0.6,865,0.068303,False,False,False,False,False
696,3539966819083068160,0.41115,0.41115,1,867,0.053468,False,False,False,False,False
697,4229280998185332736,0.41098129,0.57080735,0.72,868,0.177959,False,False,True,False,False
698,3973504219554185344,0.41016487,0.56967343,0.72,870,-0.405115,False,False,True,False,False
699,2027161964588213888,0.41011765,0.56960784,0.72,871,0.191836,False,False,False,False,False
700,1946915001771953408,0.40993149,0.40993149,1,872,0.08192,False,False,False,False,False
701,4921778916284014848,0.40986885,0.40986885,1,873,0.078939,False,False,False,False,False
702,3145854675768540160,0.40981663,0.60267151,0.68,874,0.051188,False,False,True,False,False
703,4480536962972757248,0.40954013,0.68256688,0.6,875,-0.720458,False,False,True,False,False
704,1515760552226455808,0.40953709,0.40953709,1,876,-0.452783,False,False,False,False,False
705,4399508144309573376,0.40952173,0.40952173,1,877,-0.872861,False,False,False,False,False
706,766439323448668032,0.40941042,0.40941042,1,878,-0.043701,False,False,False,False,False
707,132407558199599232,0.40940718,0.40940718,1,879,-0.022015,False,False,False,False,False
708,1178287203500006656,0.40936107,0.40936107,1,880,-0.288486,False,False,False,False,False
709,3933338510035630976,0.40923946,0.56838814,0.72,881,-0.312451,False,False,False,False,False
710,1969613663418914176,0.40914684,0.44472483,0.92,882,0.085097,False,False,False,False,False
711,3942327842226280448,0.40882114,0.53792255,0.76,883,-0.192137,False,False,False,False,False
712,3637753461950385024,0.40876065,0.46450074,0.88,885,0.138355,False,False,False,False,False
713,4989777079032029568,0.4085556,0.4085556,1,886,-0.383643,False,False,False,False,False
714,923545550645140352,0.40814796,0.56687217,0.72,887,0.168039,False,False,True,False,False
715,1891459758430361088,0.40814698,0.40814698,1,888,-0.136182,False,False,False,False,False
716,4305992550072758656,0.40794514,0.78450989,0.52,889,-0.140016,False,False,True,False,False
717,2814379579582643328,0.40790041,0.40790041,1,890,-0.352383,False,False,False,False,False
718,4267552520347776,0.40745961,0.40745961,1,891,-0.042471,False,False,False,False,False
719,6408551802221816576,0.40738824,0.40738824,1,892,-0.151271,False,False,False,False,False
720,2550652885206434944,0.40712734,0.59871667,0.68,894,0.194329,False,False,False,False,False
721,60244789002681088,0.40697407,0.50871759,0.8,895,-0.034425,False,False,False,False,False
722,6032859261809427840,0.40677369,0.44214531,0.92,896,0.178099,False,False,False,False,False
723,319570481928808576,0.40676226,0.40676226,1,897,-0.11518,False,False,False,False,False
724,2219746545775159680,0.4066764,0.59805353,0.68,898,-0.041547,False,False,True,False,False
725,5015943084951368576,0.40621648,0.40621648,1,899,-0.011347,False,False,False,False,False
726,6637963425890391552,0.40605194,0.40605194,1,901,0.01454,False,False,False,False,False
727,2863852723748232192,0.40551575,0.46081335,0.88,902,-0.715372,False,False,True,False,False
728,1207802497931265536,0.4054488,0.59624824,0.68,904,-0.139409,False,False,False,False,False
729,3342958387205080064,0.40495322,0.40495322,1,905,0.056604,False,False,False,False,False
730,505231850742633728,0.40482608,0.48193581,0.84,906,0.111436,False,False,True,False,False
731,3313653894061044224,0.40463101,0.45980797,0.88,907,0.187219,False,False,False,False,False
732,6212498055675320576,0.40445675,0.42130911,0.96,908,-0.317711,False,False,False,False,False
733,3606397353126591232,0.40433129,0.42117842,0.96,909,0.122104,False,False,False,False,False
734,4833944842215819648,0.40427674,0.53194308,0.76,911,-0.063457,False,False,True,False,False
735,6318120235012296576,0.40414506,0.40414506,1,912,-0.258496,False,False,False,False,False
736,4968258983641773952,0.40411854,0.40411854,1,913,0.071456,False,False,False,False,False
737,1258607322478861056,0.40409326,0.40409326,1,914,0.027832,False,False,False,False,False
738,6404403585367962752,0.40402966,0.40402966,1,915,-0.047182,False,False,False,False,False
739,712397055634344576,0.40390366,0.77673781,0.52,916,0.138444,False,False,False,False,False
740,6904964465891764736,0.40366012,0.40366012,1,917,0.136778,False,False,False,False,False
741,4823217388300522112,0.40363305,0.63067664,0.64,918,-0.396711,False,False,False,False,False
742,6400880028558686592,0.40353037,0.48039329,0.84,919,-0.157029,False,False,False,False,False
743,5130339951196200064,0.40341821,0.40341821,1,920,-0.321137,False,False,False,False,False
744,4575693436572893056,0.40285375,0.71938169,0.56,922,0.09673,False,False,False,False,False
745,3619515385839767936,0.4025835,0.4025835,1,923,-0.044667,False,False,False,False,False
746,767621435887711360,0.40214512,0.41890117,0.96,924,-0.060997,False,False,False,False,False
747,982389862479141376,0.40195629,0.40195629,1,925,-0.218233,False,False,False,False,False
748,1118916397393675648,0.40156686,0.40156686,1,927,0.024774,False,False,False,False,False
749,867704138210271872,0.40149825,0.50187281,0.8,928,-0.255993,False,False,False,False,False
750,5017172338951100288,0.40127394,0.40127394,1,929,-0.442973,False,False,False,False,False
751,4654435618927743872,0.40123294,0.40123294,1,930,0.09921,False,False,False,False,False
752,6000086565418049024,0.40096744,0.50120931,0.8,933,0.142719,False,False,True,False,False
753,4971872081928759296,0.40093928,0.43580357,0.92,934,-0.226316,False,False,False,False,False
754,1193305368402782208,0.40090073,0.5895599,0.68,935,0.106563,False,False,False,False,False
755,4458736739757932672,0.40071623,0.43556112,0.92,936,-0.147265,False,False,False,False,False
756,121843656638575872,0.40054342,0.40054342,1,937,0.104781,False,False,False,False,False
757,942457013204227584,0.39987193,0.39987193,1,938,0.146269,False,False,False,False,False
758,2364492097606462336,0.39979638,0.39979638,1,939,-0.162458,False,False,False,False,False
759,3620563662802389248,0.39975534,0.5878755,0.68,940,-0.621758,False,False,False,False,False
760,6517274535632335872,0.39932934,0.39932934,1,941,-0.128094,False,False,False,False,False
761,1275687204828516736,0.39905691,0.5868484,0.68,943,0.08516,False,False,False,False,False
762,3352583164098806016,0.39876445,0.66460741,0.6,944,-0.035048,False,False,False,False,False
763,6361974428084996992,0.39870319,0.43337304,0.92,945,-0.759236,False,False,True,False,False
764,4347870370990204928,0.39829033,0.39829033,1,947,-0.064822,False,False,False,False,False
765,2782515732608032128,0.39808421,0.39808421,1,948,-0.220935,False,False,False,False,False
766,789148567894210560,0.39805786,0.39805786,1,949,0.199446,False,False,False,False,False
767,5763222451916129408,0.39797961,0.47378525,0.84,950,0.021736,False,False,True,False,False
768,4823217388300522240,0.39756457,0.76454726,0.52,951,-0.142087,False,False,False,False,False
769,975968718869126144,0.39752509,0.39752509,1,952,-0.392379,False,False,False,False,False
770,2460983348274381696,0.39752203,0.39752203,1,953,-0.463451,False,False,False,False,False
771,6577573677445347584,0.39750207,0.39750207,1,954,-0.035693,False,False,False,False,False
772,6044144546084907136,0.39742047,0.39742047,1,955,-0.459346,False,False,False,False,False
773,3787807941257493760,0.39736251,0.76415867,0.52,956,-0.375185,False,False,False,False,False
774,2393981033822828672,0.39707994,0.76361527,0.52,957,0.062358,False,False,False,False,False
775,4111251689120620160,0.39701195,0.39701195,1,960,-0.482418,False,False,False,False,False
776,2319145042621371520,0.39668277,0.76285148,0.52,961,-0.213116,False,False,False,False,False
777,105411764598479744,0.39665055,0.41317765,0.96,962,-0.386988,False,False,False,False,False
778,2905516483501493120,0.39664164,0.39664164,1,963,-0.406237,False,False,False,False,False
779,1942454317455175168,0.39661169,0.47215677,0.84,964,-0.114314,False,False,False,False,False
780,123130085243260800,0.39651898,0.7080696,0.56,966,0.187883,False,False,False,False,False
781,4427595924756992256,0.39560691,0.39560691,1,968,-0.423963,False,False,False,False,False
782,1409902905599851392,0.39558296,0.39558296,1,969,-0.084061,False,False,False,False,False
783,4249510122354608000,0.39531634,0.49414543,0.8,970,0.049378,False,False,False,False,False
784,5418743844032438400,0.39490868,0.39490868,1,971,-1.127481,False,False,False,False,False
785,6537766271277300608,0.39471565,0.39471565,1,973,0.142197,False,False,False,False,False
786,3111675016789943808,0.39470786,0.58045274,0.68,974,0.134493,False,False,True,False,False
787,6206643671653125888,0.39455242,0.44835503,0.88,975,-0.014637,False,False,False,False,False
788,2515037264041041536,0.39446274,0.39446274,1,976,-0.177927,False,False,False,False,False
789,5946986063671469824,0.39446186,0.39446186,1,977,-0.546141,False,False,False,False,False
790,4229940258487034368,0.3941919,0.7039141,0.56,979,-0.495925,False,False,False,False,False
791,1110939818492722432,0.39376277,0.65627129,0.6,980,-0.454954,False,False,True,False,False
792,325242072141424384,0.39375365,0.39375365,1,981,-0.379416,False,False,False,False,False
793,4812529138845030528,0.39362217,0.61503463,0.64,982,0.169109,False,False,True,False,False
794,3994492865736279552,0.39354125,0.39354125,1,983,-0.129853,False,False,False,False,False
795,5022540463954913920,0.39347114,0.70262703,0.56,984,0.02488,False,False,False,False,False
796,3995430302478183424,0.3934578,0.40985188,0.96,985,0.181994,False,False,False,False,False
797,2095410369291592064,0.39339232,0.46832419,0.84,986,-0.13592,False,False,True,False,False
798,806490683759137280,0.39335668,0.39335668,1,987,-0.124596,False,False,False,False,False
799,1586968533015434624,0.39320652,0.39320652,1,989,-0.086149,False,False,False,False,False
800,5690074241127646720,0.39289859,0.46773641,0.84,991,0.035886,False,False,False,False,False
801,6116110468338455680,0.39289273,0.39289273,1,992,-0.523772,False,False,False,False,False
802,4979075120042686336,0.39182365,0.42589527,0.92,998,0.047345,False,False,False,False,False
803,6189864123481468800,0.39161946,0.39161946,1,999,-0.192218,False,False,False,False,False
804,2306965202564744064,0.39156235,0.39156235,1,1000,-0.571848,False,False,False,False,False
805,3463185753155056896,0.3911504,0.3911504,1,1001,-0.011631,False,False,False,False,False
806,2508285983476098816,0.39101579,0.39101579,1,1002,-0.392192,False,False,False,False,False
807,6822593349703849856,0.39099864,0.39099864,1,1003,0.022542,False,False,False,False,False
808,3835769394374915072,0.39049089,0.61014202,0.64,1006,0.029104,False,False,False,False,False
809,5513176499696350336,0.39048089,0.46485821,0.84,1007,-0.009283,False,False,True,False,False
810,4519094258778682624,0.38983416,0.44299337,0.88,1008,0.113321,False,False,False,False,False
811,3610560069790131968,0.38977438,0.57319761,0.68,1009,0.107359,False,False,False,False,False
812,676804558572501120,0.38934636,0.38934636,1,1011,-0.032635,False,False,False,False,False
813,640967385813612800,0.38909209,0.57219426,0.68,1012,-0.529789,False,False,False,False,False
814,2036853678540637184,0.38896105,0.42278375,0.92,1013,-0.323979,False,False,False,False,False
815,2583721522045243008,0.38845841,0.38845841,1,1015,-0.576513,False,False,False,False,False
816,3504028246440157184,0.38789511,0.38789511,1,1016,-0.071089,False,False,False,False,False
817,325533923760046848,0.38764017,0.38764017,1,1017,0.026537,False,False,False,False,False
818,1143215947967525120,0.38737798,0.64562996,0.6,1019,0.042762,False,False,False,False,False
819,1484835722545108096,0.38714139,0.53769637,0.72,1020,0.053335,False,False,False,False,False
820,6167848773956482560,0.38710983,0.38710983,1,1021,-0.002305,False,False,False,False,False
821,335634754832026240,0.38710147,0.48387683,0.8,1022,-0.176731,False,False,True,False,False
822,2751999130977261184,0.38689615,0.64482692,0.6,1023,0.030505,False,False,False,False,False
823,1829237158474914688,0.3868709,0.3868709,1,1024,0.088958,False,False,False,False,False
824,4996303642614776448,0.38682398,0.40294165,0.96,1025,-0.201811,False,False,False,False,False
825,5013214711270057856,0.38646332,0.40256596,0.96,1026,0.197094,False,False,False,False,False
826,3185474512123949824,0.38628873,0.40238409,0.96,1027,0.039163,False,False,True,False,False
827,3144499458967932672,0.38601,0.38601,1,1030,-0.235265,False,False,False,False,False
828,2451748206514593024,0.38599735,0.45952065,0.84,1031,0.129611,False,False,False,False,False
829,3925790843747554560,0.38587959,0.48234948,0.8,1032,0.172563,False,False,False,False,False
830,785138236666164352,0.38578674,0.38578674,1,1033,-0.011529,False,False,False,False,False
831,1981520824596702208,0.38548747,0.48185933,0.8,1035,0.120078,False,False,False,False,False
832,6343231706201426944,0.38522952,0.535041,0.72,1036,-0.014992,False,False,True,False,False
833,4451575895403432064,0.38511507,0.38511507,1,1037,0.135297,False,False,False,False,False
834,5546354572312740352,0.38470157,0.45797806,0.84,1038,-0.339418,False,False,False,False,False
835,2752917772942245248,0.38469321,0.38469321,1,1039,-0.090166,False,False,False,False,False
836,6607691225074507776,0.38457791,0.48072239,0.8,1040,0.13806,False,False,True,False,False
837,5082722507779793024,0.38444605,0.38444605,1,1041,-0.398805,False,False,False,False,False
838,6037817402119824768,0.38441395,0.64068991,0.6,1042,-0.242958,False,False,True,False,False
839,6097716154197261952,0.38421866,0.38421866,1,1044,-0.595597,False,False,False,False,False
840,4010614077021840256,0.38387499,0.39986978,0.96,1045,-0.253115,False,False,False,False,False
841,3629711603840863360,0.38378079,0.38378079,1,1047,0.185687,False,False,False,False,False
842,5621702867205993088,0.38348974,0.38348974,1,1048,-0.158802,False,False,False,False,False
843,6623351805412369024,0.38340497,0.38340497,1,1049,0.072185,False,False,False,False,False
844,5848753805085988352,0.38319112,0.39915741,0.96,1050,-3.51403,False,False,False,False,False
845,4361152849408645248,0.38306164,0.68403864,0.56,1051,-0.408041,False,False,True,False,False
846,1500826882220275712,0.38291023,0.38291023,1,1052,0.087798,False,False,False,False,False
847,2911981886751531648,0.38290177,0.38290177,1,1053,-0.265825,False,False,False,False,False
848,285317808507191808,0.38285506,0.45577983,0.84,1054,-0.061822,False,False,False,False,False
849,68553931516671488,0.38273337,0.38273337,1,1055,-0.073789,False,False,False,False,False
850,5625931210968625920,0.38232804,0.59738757,0.64,1056,-0.44261,False,False,False,False,False
851,1321314119879186048,0.38161707,0.47702134,0.8,1058,-0.331873,False,False,False,False,False
852,3878225519757554560,0.38156369,0.63593948,0.6,1059,-0.086541,False,False,False,False,False
853,488526901854890624,0.38154069,0.68132266,0.56,1060,-0.384109,False,False,False,False,False
854,5644363149023579264,0.38149809,0.38149809,1,1061,-0.133082,False,False,False,False,False
855,1071851527289746176,0.38141323,0.38141323,1,1062,-0.054701,False,False,False,False,False
856,1270331861643972864,0.38106762,0.45365193,0.84,1064,0.037646,False,False,False,False,False
857,1242278440934856960,0.38092129,0.52905735,0.72,1065,0.086826,False,False,True,False,False
858,2591686968392358144,0.38080708,0.47600884,0.8,1066,0.145795,False,False,False,False,False
859,1200757686414000768,0.3803664,0.475458,0.8,1067,0.140344,False,False,False,False,False
860,2421080250237474176,0.38033919,0.38033919,1,1068,-0.168557,False,False,False,False,False
861,1577169925905951488,0.37979914,0.73038295,0.52,1069,0.039951,False,False,False,False,False
862,857616737498951552,0.37894249,0.67668302,0.56,1070,-0.200464,False,False,False,False,False
863,3531294008802299392,0.37875717,0.37875717,1,1071,-0.420438,False,False,False,False,False
864,6187224127342923776,0.37852704,0.37852704,1,1072,-0.104123,False,False,False,False,False
865,4540937942738166656,0.37826003,0.37826003,1,1073,0.196854,False,False,False,False,False
866,1167330643144347264,0.37786296,0.59041088,0.64,1075,-0.073849,False,False,False,False,False
867,5084855869576641280,0.37776986,0.37776986,1,1076,-0.364245,False,False,False,False,False
868,4932838835028390784,0.37762588,0.37762588,1,1078,0.121776,False,False,False,False,False
869,5399893816682494976,0.3770442,0.628407,0.6,1079,0.16487,False,False,False,False,False
870,3473715161835766656,0.37691882,0.67306931,0.56,1080,0.003586,False,False,False,False,False
871,6671680018673820032,0.3769028,0.3769028,1,1081,-0.046698,False,False,False,False,False
872,1181918138787904896,0.37647738,0.37647738,1,1083,0.141501,False,False,False,False,False
873,4021420352177247360,0.37641897,0.49528812,0.76,1084,-0.015773,False,False,False,False,False
874,1744901146278224512,0.37612759,0.39179957,0.96,1085,-0.340479,False,False,False,False,False
875,3067383149372024192,0.37610181,0.39177272,0.96,1086,-0.131544,False,False,False,False,False
876,5181014380536026496,0.37605601,0.6715286,0.56,1087,-0.105501,False,False,True,False,False
877,1717551339996709632,0.37588649,0.40857228,0.92,1088,0.187192,False,False,False,False,False
878,612194678344177920,0.37587071,0.6711977,0.56,1089,-0.205859,False,False,False,False,False
879,3884850700085615104,0.37562657,0.42684838,0.88,1091,0.00864,False,False,False,False,False
880,6098824358845836416,0.37555983,0.52161088,0.72,1092,0.116537,False,False,False,False,False
881,4664542467248250496,0.37546769,0.67047801,0.56,1093,-0.031441,False,False,False,False,False
882,6293028280153790080,0.37511195,0.39074162,0.96,1095,-0.019153,False,False,False,False,False
883,1141784521264488832,0.3739002,0.3739002,1,1096,-0.271937,False,False,False,False,False
884,3013226016948271104,0.37387539,0.71899114,0.52,1097,0.165054,False,False,False,False,False
885,834993495483319168,0.37360352,0.4670044,0.8,1098,0.012944,False,False,True,False,False
886,5955661622753155584,0.37305079,0.5486041,0.68,1101,0.10063,False,False,False,False,False
887,3134682194522547968,0.37287793,0.37287793,1,1103,-0.034804,False,False,False,False,False
888,5079067147013772288,0.37265783,0.37265783,1,1106,-0.468879,False,False,False,False,False
889,6072801976644137600,0.37252458,0.66522247,0.56,1107,-0.03079,False,False,False,False,False
890,2550998131857343232,0.37250072,0.37250072,1,1108,-0.490285,False,False,False,False,False
891,2848910085848801536,0.37240314,0.37240314,1,1109,-0.196869,False,False,False,False,False
892,3010250841562435456,0.37229457,0.7159511,0.52,1110,0.073769,False,False,False,False,False
893,5009296743318409344,0.37219265,0.40455723,0.92,1111,-0.207705,False,False,False,False,False
894,2468057984044943104,0.37214016,0.664536,0.56,1112,0.164801,False,False,False,False,False
895,3319387709760409600,0.37201882,0.62003137,0.6,1113,-0.093931,False,False,True,False,False
896,1678694087970939008,0.37194857,0.61991429,0.6,1114,0.160231,False,False,False,False,False
897,6817950657560102016,0.37161209,0.37161209,1,1115,0.154702,False,False,False,False,False
898,267346943787845632,0.37160687,0.37160687,1,1116,-0.26636,False,False,False,False,False
899,4718288313601722624,0.37134462,0.37134462,1,1117,-0.103982,False,False,False,False,False
900,1934859921920427264,0.37129376,0.51568577,0.72,1118,0.103604,False,False,False,False,False
901,3679122831759483904,0.37096254,0.37096254,1,1119,0.175619,False,False,False,False,False
902,156150240492946816,0.37090247,0.37090247,1,1120,-0.660096,False,False,False,False,False
903,5084149536433654272,0.37079023,0.51498643,0.72,1121,-0.186606,False,False,False,False,False
904,3485841675578056960,0.37066757,0.51481607,0.72,1122,0.176883,False,False,False,False,False
905,811697489791310592,0.36933677,0.36933677,1,1124,0.022383,False,False,False,False,False
906,6843663462825244928,0.36903645,0.36903645,1,1126,-0.182876,False,False,False,False,False
907,5224460173763882496,0.36896862,0.36896862,1,1128,-0.106438,False,False,False,False,False
908,2066469745778445184,0.36890679,0.61484464,0.6,1129,0.041253,False,False,False,False,False
909,4930632699307077248,0.36847934,0.36847934,1,1130,-0.259484,False,False,False,False,False
910,4555321517636285312,0.36841699,0.36841699,1,1131,-0.072305,False,False,False,False,False
911,1255242919976781952,0.36838418,0.76746705,0.48,1132,0.147203,False,False,False,False,False
912,1577926699143673344,0.36835838,0.61393063,0.6,1133,-0.186103,False,False,False,False,False
913,3676370204399500160,0.36830152,0.51152989,0.72,1134,-0.116939,False,False,False,False,False
914,5421903256336609664,0.36827993,0.61379988,0.6,1135,-0.561622,False,False,False,False,False
915,3946215779766194176,0.36827049,0.36827049,1,1136,0.025727,False,False,False,False,False
916,57739208163471744,0.36815662,0.36815662,1,1138,0.051994,False,False,False,False,False
917,898474486509199232,0.36813378,0.57520904,0.64,1139,-0.029698,False,False,False,False,False
918,2076388715062352768,0.3680898,0.76685375,0.48,1140,0.015345,False,False,True,False,False
919,1625560394717393536,0.36805512,0.40005991,0.92,1141,-0.301821,False,False,False,False,False
920,4528852871147020032,0.36785382,0.51090808,0.72,1142,0.120407,False,False,False,False,False
921,975195624755575936,0.3677143,0.51071431,0.72,1143,-0.17026,False,False,False,False,False
922,4557080701880013824,0.36765489,0.36765489,1,1145,-0.04574,False,False,False,False,False
923,4947513157730843136,0.36760652,0.36760652,1,1146,-0.007518,False,False,False,False,False
924,1827433645858652800,0.36707031,0.50981987,0.72,1148,-0.038343,False,False,False,False,False
925,6080357648741268096,0.36671098,0.41671703,0.88,1149,-0.396649,False,False,False,False,False
926,519239010397885696,0.36668212,0.6547895,0.56,1150,0.085161,False,False,False,False,False
927,6307627767346888064,0.36635154,0.50882158,0.72,1151,-0.002904,False,False,False,False,False
928,4643156175814200192,0.36628964,0.39814091,0.92,1152,-0.380914,False,False,True,False,False
929,5459941548290350848,0.36626453,0.61044089,0.6,1153,0.184424,False,False,False,False,False
930,3604359511404336896,0.36592713,0.41582629,0.88,1154,-0.175961,False,False,False,False,False
931,2799321630399767040,0.36573326,0.57145822,0.64,1158,-0.044792,False,False,False,False,False
932,4464942482165995264,0.36540625,0.39718071,0.92,1160,0.106259,False,False,False,False,False
933,5740366044716708864,0.365367,0.365367,1,1161,-0.356494,False,False,False,False,False
934,1955250124540670976,0.36518145,0.45647681,0.8,1162,-0.434439,False,False,False,False,False
935,1275308182551805568,0.36518039,0.36518039,1,1163,0.17729,False,False,False,False,False
936,2495335115182570368,0.36515019,0.36515019,1,1164,-0.580385,False,False,False,False,False
937,2350654434533221248,0.36508656,0.41487109,0.88,1165,-0.331098,False,False,False,False,False
938,3404483931157320960,0.36501605,0.65181438,0.56,1166,0.090886,False,False,False,False,False
939,5976037153724058240,0.36491635,0.65163635,0.56,1167,-0.160381,False,False,False,False,False
940,6166376978860425600,0.36488287,0.36488287,1,1168,-0.440569,False,False,False,False,False
941,2741489964479580032,0.36463533,0.36463533,1,1170,-0.259696,False,False,False,False,False
942,4706483441369292288,0.36428778,0.36428778,1,1171,-0.137997,False,False,False,False,False
943,3731949653894108032,0.36422291,0.5690983,0.64,1173,-0.159834,False,False,True,False,False
944,3482765551281619456,0.36417784,0.36417784,1,1174,0.166369,False,False,False,False,False
945,4851425908866023808,0.36374272,0.36374272,1,1175,0.066355,False,False,False,False,False
946,6654401674482699776,0.36358624,0.43284076,0.84,1176,-0.173446,False,False,False,False,False
947,1088141891566728448,0.36358202,0.45447752,0.8,1177,0.061659,False,False,False,False,False
948,2344456143890223744,0.36338418,0.36338418,1,1178,0.081464,False,False,False,False,False
949,1940584323054654592,0.36334026,0.36334026,1,1179,-0.885569,False,False,False,False,False
950,1368977296108348416,0.36313214,0.47780545,0.76,1180,0.11453,False,False,False,False,False
951,1330465939272409088,0.36308314,0.39465559,0.92,1183,-0.373558,False,False,False,False,False
952,5388322689453801600,0.36291586,0.37803735,0.96,1185,0.028689,False,False,False,False,False
953,6590982599703346048,0.36268319,0.36268319,1,1186,0.137074,False,False,False,False,False
954,5427846288483704960,0.36255893,0.56649833,0.64,1188,0.098981,False,False,False,False,False
955,6890278254718505344,0.36248916,0.36248916,1,1189,-0.082365,False,False,False,False,False
956,3197623290976364544,0.36247268,0.75515143,0.48,1190,-0.136642,False,False,False,False,False
957,1002828276107025024,0.36211988,0.50294428,0.72,1192,0.164169,False,False,False,False,False
958,5877870316092646912,0.3620933,0.3620933,1,1193,-0.536618,False,False,True,False,False
959,3574544054595125760,0.361891,0.47617237,0.76,1194,-0.184004,False,False,False,False,False
960,2662511150902343424,0.36183588,0.53211158,0.68,1195,0.071168,False,False,True,False,False
961,3538891462352289536,0.36150761,0.36150761,1,1197,-0.238034,False,False,False,False,False
962,3603109950799008512,0.36117035,0.36117035,1,1199,0.139612,False,False,False,False,False
963,2198947565358151424,0.3606754,0.53040501,0.68,1202,-0.514217,False,False,False,False,False
964,1543006072409943552,0.36061083,0.4292986,0.84,1203,-0.287459,False,False,False,False,False
965,5111424640348386944,0.36047488,0.36047488,1,1204,-0.048382,False,False,False,False,False
966,2803598863780120192,0.36036989,0.36036989,1,1205,-0.165926,False,False,False,False,False
967,759503913337807488,0.36014329,0.69258326,0.52,1206,-0.069386,False,False,True,False,False
968,6521993119846636800,0.36005784,0.36005784,1,1207,-0.074016,False,False,False,False,False
969,6390641170121520640,0.35998927,0.35998927,1,1208,-0.050447,False,False,False,False,False
970,5454151657496435328,0.35996066,0.69223204,0.52,1209,0.016395,False,False,False,False,False
971,3278325004913943808,0.35986195,0.35986195,1,1210,-0.40529,False,False,False,False,False
972,6173812151364882688,0.35984609,0.35984609,1,1211,-0.576894,False,False,False,False,False
973,5101910390137493376,0.35957048,0.37455259,0.96,1212,0.196364,False,False,False,False,False
974,1461507384337635840,0.35932897,0.35932897,1,1213,-0.598753,False,False,False,False,False
975,218208837131187840,0.35921182,0.42763312,0.84,1215,0.173195,False,False,False,False,False
976,778671836983752960,0.35898346,0.52791686,0.68,1217,-0.099288,False,False,False,False,False
977,3893155448850571776,0.35890314,0.35890314,1,1218,-0.38104,False,False,False,False,False
978,3920292873292057472,0.35887214,0.35887214,1,1219,-0.280266,False,False,False,False,False
979,5631222988630332032,0.35883775,0.35883775,1,1220,0.010933,False,False,False,False,False
980,5312052595808784384,0.35876135,0.64064527,0.56,1221,-0.034322,False,False,False,False,False
981,2043638077597042560,0.35869869,0.68980518,0.52,1222,-0.055544,False,False,False,False,False
982,2547848786958939136,0.35809614,0.55952522,0.64,1224,-0.069428,False,False,True,False,False
983,2397718857961189248,0.3579479,0.44743488,0.8,1225,-0.432749,False,False,False,False,False
984,4289793067314163072,0.35775036,0.5962506,0.6,1227,-0.582596,False,False,False,False,False
985,6455505071897126656,0.35761679,0.59602799,0.6,1228,-0.238028,False,False,True,False,False
986,439533660155414400,0.35755471,0.63849056,0.56,1229,-0.080966,False,False,False,False,False
987,1908480713824482432,0.35727473,0.35727473,1,1230,-0.507377,False,False,False,False,False
988,2697829972647576960,0.35668457,0.35668457,1,1231,0.172255,False,False,False,False,False
989,337046325900178560,0.35654198,0.55709685,0.64,1232,-0.02404,False,False,False,False,False
990,1318859013493071488,0.3563938,0.49499139,0.72,1234,-0.264314,False,False,False,False,False
991,2858600494141185280,0.35613392,0.35613392,1,1235,0.013966,False,False,False,False,False
992,1228139885339686528,0.3558953,0.3558953,1,1236,-0.004261,False,False,False,False,False
993,3584483193032892416,0.35564537,0.35564537,1,1237,0.032225,False,False,False,False,False
994,2948291780795831168,0.35547522,0.46773056,0.76,1238,0.145811,False,False,False,False,False
995,1263240836277364352,0.35525615,0.35525615,1,1239,0.045437,False,False,False,False,False
996,3508768962622921600,0.35523717,0.55505809,0.64,1240,-0.169372,False,False,False,False,False
997,3937451233279667328,0.35522584,0.40366573,0.88,1241,0.170513,False,False,False,False,False
998,2981948656349157120,0.35517761,0.68303386,0.52,1242,0.166481,False,False,False,False,False
999,2942368883450203776,0.35504098,0.68277112,0.52,1243,-0.180672,False,False,False,False,False
1000,6136344505946976512,0.35467145,0.35467145,1,1245,0.180291,False,False,False,False,False
