# list1_substellar: Gaia Wobble Bet, list built from MANIFEST 0.19
# date 2026-09-25
# git 3e128b1bfb6307d10ea729ae131533238e9160dd
# population: Gaia DR3, parallax_over_error >= 10, 2234316 candidate stars
# score: P_A (an ordering score, not a calibrated probability)
# rank_new skips known DR3 orbit <80 MJ, known planets and Gaia neighbours within 2.0 arcsec
# the frozen bet is rank_new <= 100
rank_new,source_id,score,p_a,p_m2_lt13,rank_raw,ms_offset,known_dr3_orbit80,known_dr3_orbit_any,dr3_acceleration,known_planet,neighbour_2arcsec
1,485576151946922368,0.81780796,0.81780796,0.12,2,-0.148645,False,False,False,False,False
2,2993561629445801344,0.81183069,0.81183069,0,7,-0.055107,False,False,False,False,False
3,5654624444358527872,0.80750264,0.80750264,0.56,10,0.110157,False,False,False,False,False
4,3702983196155254016,0.80481183,0.80481183,0.32,14,0.14856,False,False,False,False,False
5,6810425909217925760,0.80423494,0.80423494,0.08,15,0.234526,False,False,False,False,False
6,1974877712769494912,0.80347408,0.80347408,0.48,17,0.274746,False,False,False,False,False
7,5116991742596679424,0.80304932,0.80304932,0.32,18,0.362669,False,False,False,False,False
8,3507958145812345728,0.80218615,0.80218615,0.08,20,0.305413,False,False,False,False,False
9,3784855958694603648,0.79914273,0.79914273,0,22,-0.121409,False,False,False,False,False
10,1320567792002123648,0.79909012,0.79909012,0.52,23,0.241114,False,False,False,False,False
11,475055818531633152,0.7983049,0.7983049,0.56,24,0.425529,False,False,True,False,False
12,2457131140567886336,0.79821784,0.79821784,0.24,25,0.128685,False,False,True,False,False
13,5408074458081725312,0.79803847,0.79803847,0.28,26,0.776577,False,False,False,False,False
14,4460652192092375040,0.79683123,0.79683123,0,27,0.465776,False,False,False,False,False
15,1482786816986431104,0.79555782,0.79555782,0.24,30,0.235401,False,False,False,False,False
16,6128049446631641600,0.79454519,0.79454519,0.4,34,0.331539,False,False,True,False,False
17,1038692730497487616,0.7940868,0.7940868,0.16,35,0.13964,False,False,False,False,False
18,3226363081816694400,0.79318833,0.79318833,0.2,39,0.329515,False,False,True,False,False
19,5977390652584004480,0.7928641,0.7928641,1,40,0.144002,False,False,False,False,False
20,6510153067539353472,0.79168362,0.79168362,0.48,44,0.816649,False,False,False,False,False
21,968319107238317696,0.79161507,0.79161507,0.52,45,0.111828,False,False,False,False,False
22,2811448453380206976,0.79159396,0.79159396,0.28,46,0.641765,False,False,False,False,False
23,2861585152814723840,0.79123344,0.79123344,0.2,47,0.617081,False,True,False,False,False
24,2628531225081851648,0.79110296,0.79110296,0.52,49,0.487108,False,False,True,False,False
25,5506586473673883648,0.79094452,0.79094452,0.2,51,0.65279,False,False,False,False,False
26,3635087494146425600,0.79047327,0.79047327,0.16,52,0.543995,False,False,False,False,False
27,514804508213378944,0.79043574,0.79043574,0,53,0.174299,False,False,False,False,False
28,2568467241318744320,0.79036504,0.79036504,0.12,54,0.454675,False,False,False,False,False
29,136304467927526144,0.78992629,0.78992629,0.32,56,0.566596,False,False,False,False,False
30,4098562397221253504,0.78958105,0.78958105,0.28,57,-0.102772,False,False,True,False,False
31,1108783607471996160,0.78949018,0.78949018,0.48,59,0.789357,False,False,False,False,False
32,4780401202923934720,0.78879534,0.78879534,0.4,60,0.126515,False,False,False,False,False
33,3574737568641971456,0.78851423,0.78851423,0.16,61,0.720294,False,False,False,False,False
34,6252087964698602496,0.7873283,0.7873283,0.84,65,-0.021009,False,False,False,False,False
35,6472232212871226240,0.78727412,0.78727412,0.32,66,0.589823,False,False,False,False,False
36,2466080855979403520,0.78710244,0.78710244,0.04,67,-0.439454,False,False,False,False,False
37,522180032204024832,0.78677553,0.78677553,0.08,68,0.565845,False,False,False,False,False
38,6884392603334034688,0.78597548,0.78597548,0.44,70,0.079242,False,False,False,False,False
39,6379103376136193152,0.78483569,0.78483569,1,71,0.565988,False,False,False,False,False
40,4305992550072758656,0.78450989,0.78450989,0.52,72,-0.140016,False,False,True,False,False
41,210580189237777536,0.78446898,0.78446898,0.16,73,0.330496,False,False,False,False,False
42,5215870307888226048,0.78437818,0.78437818,0.2,74,0.1251,False,False,False,False,False
43,4554962286575172608,0.78434503,0.78434503,0.12,75,0.365849,False,False,False,False,False
44,1880191722749409792,0.78394242,0.78394242,0.24,77,0.009685,False,False,False,False,False
45,6061787515837800448,0.78371634,0.78371634,1,79,0.049878,False,False,True,False,False
46,2757773388088667904,0.78327341,0.78327341,0.68,81,0.390703,False,False,False,False,False
47,2911877055190936832,0.78324127,0.78324127,0,82,0.121109,False,False,False,False,False
48,6130529910504105600,0.78303609,0.78303609,1,83,0.536271,False,False,False,False,False
49,3299168378121274752,0.78288574,0.78288574,0.2,84,0.388526,False,False,False,False,False
50,6361384535800070144,0.78269933,0.78269933,0.36,85,0.167986,False,False,False,False,False
51,3743523495541380736,0.78263536,0.78263536,0.92,86,0.441301,False,False,False,False,False
52,6588224887101254144,0.7822514,0.7822514,0.16,87,0.460442,False,False,True,False,False
53,4102780020842452736,0.78207896,0.78207896,0.6,89,0.138031,False,False,False,False,False
54,490968917182816512,0.78198327,0.78198327,0.36,90,-0.242483,False,False,False,False,False
55,5315595737654226304,0.78176082,0.78176082,1,92,0.448605,False,False,False,False,False
56,4540481374832743040,0.78158528,0.78158528,1,93,0.100948,False,False,True,False,False
57,2004420593787926016,0.78156999,0.78156999,0.52,94,0.237399,False,False,False,False,False
58,5725239754021763584,0.7815024,0.7815024,0,95,0.799964,False,False,False,False,False
59,6599565765426015232,0.78149045,0.78149045,1,96,0.978719,False,False,False,False,False
60,4698017957749655168,0.78145216,0.78145216,0.76,97,0.317715,False,True,False,False,False
61,1767405915915461504,0.78141507,0.78141507,0.2,98,0.395009,False,False,False,False,False
62,2000704003964914304,0.78138972,0.78138972,0.2,99,0.527737,False,False,False,False,False
63,4354279527345294336,0.78122233,0.78122233,0.8,100,0.627753,False,False,True,False,False
64,4285199067227230592,0.7810183,0.7810183,0.44,102,0.137353,False,False,False,False,False
65,2441755844843043328,0.78022736,0.78022736,0.08,103,0.372648,False,False,False,False,False
66,649629132260465920,0.78015775,0.78015775,0.4,104,0.238904,False,False,False,False,False
67,1599839691007784192,0.78011127,0.78011127,0.36,105,0.061593,False,False,False,False,False
68,5808063765921988864,0.77978042,0.77978042,1,107,0.235614,False,False,False,False,False
69,1097353325107339776,0.77933587,0.77933587,0.52,111,0.213383,False,False,False,False,False
70,3457015126400528256,0.77873426,0.77873426,0.16,113,-0.205355,False,False,False,False,False
71,3604705445250272384,0.77855022,0.77855022,0.28,114,-0.000446,False,False,False,False,False
72,3439045258110278400,0.77838485,0.77838485,0.76,115,0.491213,False,False,True,False,False
73,3466404092409078272,0.77821725,0.77821725,1,116,0.300009,False,False,False,False,False
74,5993655315755140992,0.77733859,0.77733859,0.16,117,0.452118,False,False,False,False,False
75,2357390248924347264,0.77726652,0.77726652,0.6,118,0.513866,False,False,False,False,False
76,1130034173642334592,0.77710605,0.77710605,0.36,119,0.581312,False,False,False,False,False
77,4601473552567941120,0.77685624,0.77685624,0.4,121,-0.082411,False,False,True,False,False
78,712397055634344576,0.77673781,0.77673781,0.52,122,0.138444,False,False,False,False,False
79,1349158667736963968,0.77667943,0.77667943,0.08,123,0.30853,False,False,True,False,False
80,5496675407138691968,0.77659963,0.77659963,0.4,124,0.228817,False,False,False,False,False
81,4655323405866053888,0.7762352,0.7762352,0.68,126,0.36097,False,False,True,False,False
82,3871653498240785280,0.77593656,0.77593656,0.92,129,0.473373,False,False,False,False,False
83,1357137411302731648,0.77589157,0.77589157,0.16,130,0.616121,False,False,True,False,False
84,5746315192897230592,0.77578487,0.77578487,0,131,0.568134,False,False,False,False,False
85,355270456253138048,0.77566092,0.77566092,0.64,132,0.007465,False,True,False,False,False
86,6527055859795615616,0.77543507,0.77543507,1,133,0.057426,False,False,False,False,False
87,5208666135903893760,0.77539012,0.77539012,0.32,134,0.543009,False,False,False,False,False
88,4677663970295224576,0.77533668,0.77533668,0.76,135,0.567401,False,False,False,False,False
89,619702315536214528,0.77514683,0.77514683,0.2,137,0.143067,False,False,False,False,False
90,2986977753815048064,0.77509856,0.77509856,1,138,0.651568,False,False,False,False,False
91,4426270940229616256,0.77487335,0.77487335,0.6,140,0.197699,False,False,False,False,False
92,5445903258704486400,0.77447751,0.77447751,0.08,142,0.539782,False,False,False,False,False
93,3709629606506246656,0.77399795,0.77399795,0.24,143,0.298723,False,False,True,False,False
94,1197705407780697088,0.77399352,0.77399352,0.16,144,0.568012,False,False,True,False,False
95,3256675277364430848,0.7739745,0.7739745,0.32,145,0.458389,False,False,True,False,False
96,1013110152935464192,0.77394731,0.77394731,0.92,146,0.17298,False,False,False,False,False
97,1035277338143630336,0.77390449,0.77390449,0,147,0.680282,False,False,False,False,False
98,3707083515533601280,0.77358834,0.77358834,1,148,0.382828,False,False,False,False,False
99,217342872940649600,0.77346484,0.77346484,0.28,149,0.745456,False,False,False,False,False
100,212422180451917312,0.77337856,0.77337856,0.16,150,0.826423,False,False,False,False,False
101,1138937885661716864,0.77320349,0.77320349,0.36,151,0.009231,False,False,False,False,False
102,6764810715133775744,0.77319537,0.77319537,1,152,0.253938,False,False,False,False,False
103,488198628914682112,0.77314688,0.77314688,0.6,153,0.116118,False,False,False,False,False
104,4732538568412966784,0.77294304,0.77294304,0.56,154,-0.035853,False,False,True,False,False
105,1935409402857538688,0.77277671,0.77277671,0.12,156,0.21032,False,False,False,False,False
106,2470382111108397184,0.77277514,0.77277514,0.48,157,0.343678,False,False,True,False,False
107,3240089350620009216,0.7725711,0.7725711,0.24,158,0.281962,False,False,False,False,False
108,5680052952850766592,0.772551,0.772551,0.08,159,0.157446,False,False,True,False,False
109,2400808245117576704,0.77226707,0.77226707,1,161,0.339023,False,False,False,False,False
110,4235670019740515328,0.77183284,0.77183284,0.32,162,0.080423,False,False,True,False,False
111,4692269642240299776,0.77174545,0.77174545,0.6,164,0.20152,False,False,True,False,False
112,3240217301987207936,0.77149495,0.77149495,0.72,165,0.024368,False,False,False,False,False
113,4897180848306448640,0.77141689,0.77141689,0.32,166,0.733265,False,False,False,False,False
114,3846009489762096000,0.77140976,0.77140976,0,167,-0.556176,False,False,False,False,False
115,2281333902896842752,0.77137345,0.77137345,0.24,168,0.667044,False,True,False,False,False
116,787481261591678592,0.77136405,0.77136405,0,169,0.551841,False,False,False,False,False
117,1039772176038068864,0.77131071,0.77131071,1,170,0.429795,False,False,False,False,False
118,1281844091982600192,0.77120201,0.77120201,0.16,173,0.671173,False,False,False,False,False
119,6776239897983510784,0.77114583,0.77114583,0.4,174,0.494353,False,False,True,False,False
120,3197623222256888192,0.7709544,0.7709544,0.72,175,0.98676,False,False,False,False,False
121,43574131143039104,0.77082009,0.77082009,1,177,0.095764,False,True,False,False,False
122,5735764382396668288,0.7707293,0.7707293,0.16,178,0.414947,False,True,False,False,False
123,3448119596292011008,0.77025283,0.77025283,0.52,181,0.534157,False,False,False,False,False
124,4059215823917758720,0.76980415,0.76980415,0.4,183,0.534089,False,False,False,False,False
125,1982655829820397696,0.76965147,0.76965147,0.84,185,0.122478,False,True,False,False,False
126,1050067659323348352,0.76950306,0.76950306,0.32,187,0.570068,False,False,True,False,False
127,3414679668121811200,0.76942338,0.76942338,0.08,188,0.628898,False,False,False,False,False
128,6484437002396397696,0.76933933,0.76933933,0.12,190,0.828468,False,False,False,False,False
129,5414293708159714048,0.76916696,0.76916696,0.6,191,0.040052,False,False,True,False,False
130,5808812121025442944,0.76906039,0.76906039,0.96,193,0.877003,False,False,False,False,False
131,6567609525117256576,0.76877686,0.76877686,0.8,194,0.10195,False,False,False,False,False
132,5969987567738442240,0.76876592,0.76876592,0.2,195,0.356877,False,False,False,False,False
133,6548716445017597568,0.76861382,0.76861382,0.52,196,0.236552,False,False,False,False,False
134,6450733363229084544,0.76846369,0.76846369,0.2,200,0.578263,False,False,False,False,False
135,4247324568122196608,0.76832455,0.76832455,0.72,201,0.41376,False,False,True,False,False
136,4154580109515780992,0.76795583,0.76795583,0.2,202,0.60524,False,False,False,False,False
137,2261455900896162176,0.76780925,0.76780925,0.56,204,-0.073372,False,True,False,False,False
138,4116429426932764416,0.76758434,0.76758434,0.44,206,1.066163,False,False,False,False,False
139,1255242919976781952,0.76746705,0.76746705,0.48,207,0.147203,False,False,False,False,False
140,1372546413931606016,0.76745431,0.76745431,0.6,208,0.667834,False,False,False,False,False
141,4734231060405586560,0.76732173,0.76732173,0.28,211,0.326219,False,True,False,False,False
142,3173680600645518848,0.76730574,0.76730574,1,212,0.85484,False,False,False,False,False
143,815474621470643968,0.76721715,0.76721715,0.68,213,-0.071251,False,False,False,False,False
144,1768825106253209984,0.76714595,0.76714595,1,214,0.061258,False,False,False,False,False
145,3130496697350801408,0.76708962,0.76708962,0.24,215,0.693389,False,False,True,False,False
146,1327542647092300288,0.7670493,0.7670493,0.6,216,0.721899,False,False,False,False,False
147,3306618462752390784,0.76701406,0.76701406,0.32,217,0.610373,False,False,False,False,False
148,6029172908689590912,0.76700547,0.76700547,0.48,218,0.358958,False,False,False,False,False
149,1125248622298625152,0.766978,0.766978,0.6,219,0.531729,False,False,False,False,False
150,5984545965001715584,0.76687833,0.76687833,0.4,220,0.522792,False,False,True,False,False
151,2076388715062352768,0.76685375,0.76685375,0.48,221,0.015345,False,False,True,False,False
152,1641352680227622656,0.76684114,0.76684114,0.8,222,0.112404,False,False,False,False,False
153,1380153247688639744,0.76680645,0.76680645,0.92,223,0.036457,False,False,False,False,False
154,1369142325931901824,0.766739,0.766739,0.52,224,0.595915,False,False,False,False,False
155,5796963577569724800,0.76671583,0.76671583,0.4,225,0.678678,False,False,False,False,False
156,2430776534043924992,0.76640322,0.76640322,0.28,226,0.668883,False,False,False,False,False
157,503311003919911168,0.76638682,0.76638682,0.2,227,-0.209012,False,False,True,False,False
158,3544847551198727552,0.76637565,0.76637565,0.52,229,0.586169,False,False,False,False,False
159,1976966956670519936,0.76636781,0.76636781,0.6,230,0.591109,False,False,True,False,False
160,4146632495835735424,0.7663214,0.7663214,0.08,232,-0.175063,False,False,True,False,False
161,6887855373472834944,0.76632014,0.76632014,0.92,233,0.004067,False,False,False,False,False
162,2590679197266003200,0.76592481,0.76592481,0.72,235,0.010776,False,False,False,False,False
163,3637980098784983936,0.76578846,0.76578846,0.88,236,0.065427,False,False,False,False,False
164,1106845580792191872,0.76572953,0.76572953,0.56,237,-0.097379,False,False,False,False,False
165,1600692568433316224,0.76570686,0.76570686,0.56,238,-0.034424,False,False,False,False,False
166,5050376043921995264,0.76547353,0.76547353,0.4,239,0.282377,False,False,False,False,False
167,4206618517355209088,0.76535122,0.76535122,0.56,240,-0.119526,False,False,False,False,False
168,5335390451689991040,0.76530745,0.76530745,0.32,241,0.185165,False,False,False,False,False
169,6730934796246420608,0.76528204,0.76528204,1,243,0.727386,False,False,False,False,False
170,3677294137763998720,0.76485763,0.76485763,0.2,247,0.554689,False,False,False,False,False
171,531859307941994240,0.76482654,0.76482654,1,248,0.299027,False,False,False,False,False
172,291823000331257472,0.7648171,0.7648171,0.36,249,0.425092,False,False,True,False,False
173,5060587895604134912,0.76481333,0.76481333,1,250,0.188375,False,False,False,False,False
174,4942988873540841472,0.76458047,0.76458047,0.08,252,0.605201,False,False,False,False,False
175,4823217388300522240,0.76454726,0.76454726,0.52,253,-0.142087,False,False,False,False,False
176,1518564478676515712,0.76453949,0.76453949,1,254,-0.098186,False,False,False,False,False
177,5131300889999108608,0.76450075,0.76450075,0.12,255,0.13312,False,False,False,False,False
178,1695612548265370112,0.76447052,0.76447052,0.2,256,0.521765,False,False,True,False,False
179,3675402664231148800,0.76442716,0.76442716,0.24,258,0.678343,False,False,False,False,False
180,5248688737121356928,0.76433411,0.76433411,0.12,259,0.600435,False,False,True,False,False
181,1241288949189601920,0.76418439,0.76418439,0.6,260,0.992845,False,False,False,False,False
182,3787807941257493760,0.76415867,0.76415867,0.52,261,-0.375185,False,False,False,False,False
183,5291028284200511872,0.76406661,0.76406661,1,262,0.523775,False,False,False,False,False
184,5935904773205046912,0.76386252,0.76386252,1,264,-0.155127,False,False,False,False,False
185,2961304432185419776,0.76377701,0.76377701,0.68,265,0.393042,False,False,False,False,False
186,5059742920918097408,0.76368252,0.76368252,0.48,266,0.222947,False,False,False,False,False
187,2393981033822828672,0.76361527,0.76361527,0.52,267,0.062358,False,False,False,False,False
188,1811095697641932288,0.76359661,0.76359661,0.64,268,0.245808,False,False,False,False,False
189,1738837751967561856,0.76342383,0.76342383,0.36,269,0.084289,False,False,True,False,False
190,4339994569198556160,0.7633611,0.7633611,0.48,271,0.210323,False,False,False,False,False
191,6165896320478940672,0.76289434,0.76289434,0.6,274,0.830978,False,False,False,False,False
192,1496886026388040960,0.76287672,0.76287672,0.28,275,0.650743,False,False,True,False,False
193,2411785356892107520,0.76287151,0.76287151,0.4,276,-0.048259,False,False,True,False,False
194,658854172256346752,0.76285526,0.76285526,0.64,277,0.53044,False,False,True,False,False
195,2319145042621371520,0.76285148,0.76285148,0.52,278,-0.213116,False,False,False,False,False
196,5224423958599357952,0.76272945,0.76272945,0.36,280,-0.04873,False,False,True,False,False
197,2099371978408013440,0.76262578,0.76262578,1,282,0.786752,False,False,False,False,False
198,166847938875752064,0.76249244,0.76249244,0.32,284,0.918816,False,False,False,False,False
199,514756164061068800,0.76247255,0.76247255,0.08,285,0.95627,False,False,True,False,False
200,6351067685053974912,0.76246926,0.76246926,0.56,286,0.677348,False,False,False,False,False
201,5338871638612709120,0.76232542,0.76232542,0.72,287,0.669361,False,False,False,False,False
202,581780606171000320,0.76230753,0.76230753,0.16,288,0.459454,False,False,False,False,False
203,1860959099727607808,0.76228748,0.76228748,0,289,0.995801,False,False,False,False,False
204,4673419614894167808,0.76222545,0.76222545,0.48,291,0.644041,False,False,False,False,False
205,6633587335252126976,0.76218414,0.76218414,0.28,292,0.3754,False,False,False,False,False
206,2838893019525068160,0.76214503,0.76214503,0.56,293,0.828442,False,False,False,False,False
207,5770356083360945152,0.76205925,0.76205925,0,294,0.518935,False,False,False,False,False
208,1040020803104475520,0.76204648,0.76204648,0.44,296,0.680631,False,True,False,False,False
209,1182978514674919040,0.7620083,0.7620083,0.44,297,0.788278,False,False,False,False,False
210,3669916071144145920,0.76188735,0.76188735,1,298,0.399599,False,False,False,False,False
211,3421110024436800128,0.76177987,0.76177987,0.68,300,0.842244,False,False,False,False,False
212,5823916009197826304,0.76171204,0.76171204,0.12,301,-0.16502,False,False,False,False,False
213,362091963829100672,0.7615192,0.7615192,1,302,0.591435,False,False,False,False,False
214,5027182086653030016,0.76136302,0.76136302,0.2,304,-0.114283,False,True,False,False,False
215,3489833143305379072,0.76128355,0.76128355,0.28,305,0.875918,False,False,False,False,False
216,5522879208777731200,0.76127908,0.76127908,1,306,0.898494,False,True,False,False,False
217,1138493614244173184,0.76121831,0.76121831,0,307,0.977042,False,False,False,False,False
218,2503539945827393280,0.76113495,0.76113495,0.08,308,-0.200275,False,False,False,False,False
219,779689533779300736,0.76111453,0.76111453,0.44,309,-0.192168,False,False,False,False,False
220,5631304902248610432,0.7610294,0.7610294,0.88,311,0.050709,False,False,False,False,False
221,1390976698417570688,0.76101289,0.76101289,0.76,312,0.206807,False,False,False,False,False
222,2004525322268425216,0.76098755,0.76098755,0.44,314,-0.244283,False,False,True,False,False
223,6585200714731502336,0.76078279,0.76078279,0.16,316,-0.122165,False,False,False,False,False
224,6596348938000227840,0.76066018,0.76066018,0.28,317,0.199098,False,False,False,False,False
225,660597997697274752,0.76039133,0.76039133,1,320,0.013198,False,False,False,False,False
226,652108290463265408,0.7600173,0.7600173,0.16,322,0.142444,False,False,False,False,False
227,5512265038913877248,0.75998378,0.75998378,1,323,-0.048061,False,False,False,False,False
228,5036507422723589248,0.75996548,0.75996548,0.56,324,0.878716,False,False,False,False,False
229,5495961824092034176,0.7599593,0.7599593,0.44,325,0.90992,False,False,False,False,False
230,4432562246982471168,0.75977826,0.75977826,0.36,326,0.23465,False,False,False,False,False
231,2768076567955118976,0.75967785,0.75967785,0.56,327,0.366954,False,False,False,False,False
232,3579780822319184384,0.75967666,0.75967666,0.28,328,-0.021137,False,False,False,False,False
233,3924505377215943040,0.75960449,0.75960449,0.44,330,-0.011209,False,False,False,False,False
234,6158476403698590464,0.75956981,0.75956981,0.64,331,0.913449,False,False,False,False,False
235,1501656395023984640,0.75955716,0.75955716,0.8,332,0.536542,False,False,False,False,False
236,1706538326591678848,0.75947887,0.75947887,0.08,333,0.457066,False,True,False,False,False
237,3740123221472603520,0.75947552,0.75947552,0.2,334,0.116807,False,False,False,False,False
238,499842353970836096,0.75929273,0.75929273,0.56,336,0.844573,False,False,True,False,False
239,3649569711551374464,0.75918521,0.75918521,0.04,337,0.852721,False,False,True,False,False
240,6157539722871359104,0.75914764,0.75914764,0.56,338,-0.034137,False,False,False,False,False
241,3756300782728581120,0.75907947,0.75907947,0.36,339,0.431663,False,False,False,False,False
242,5103774994355594368,0.75905424,0.75905424,1,340,0.432731,False,False,False,False,False
243,6358221107704176896,0.7588958,0.7588958,0.52,341,0.534837,False,False,False,False,False
244,6879801729975499904,0.7587246,0.7587246,0.8,342,0.661403,False,False,False,False,False
245,1223018673709801984,0.75857553,0.75857553,0.24,345,-0.326437,False,False,True,False,False
246,1158838771245845632,0.75853075,0.75853075,0.08,346,-0.311585,False,False,False,False,False
247,6439469515144942976,0.75848182,0.75848182,0.12,347,0.992566,False,False,False,False,False
248,1603438942321515264,0.75830725,0.75830725,0.04,349,-0.475946,False,False,False,False,False
249,4556514419033485696,0.75824274,0.75824274,0.52,350,0.496016,False,False,False,False,False
250,5824033382065046400,0.75814279,0.75814279,0.2,351,-0.231236,False,False,False,False,False
251,3321515780156926336,0.75799053,0.75799053,0.28,353,0.588697,False,False,False,False,False
252,3492511244392921216,0.7579632,0.7579632,0.16,354,0.726432,False,False,False,False,False
253,615779464207025152,0.75781565,0.75781565,1,355,-0.036654,False,False,False,False,False
254,3968118399284369280,0.7575866,0.7575866,1,357,0.380999,False,False,False,False,False
255,4918791199593103872,0.75756095,0.75756095,0.12,358,0.077213,False,False,False,False,False
256,1718605226188014720,0.75752831,0.75752831,0.44,359,0.210303,False,False,False,False,False
257,6223582782147039360,0.75738232,0.75738232,0.8,360,0.160981,False,False,True,False,False
258,6811276832433631488,0.75727393,0.75727393,0.96,361,0.22067,False,False,False,False,False
259,4033819643587756416,0.75715349,0.75715349,0.12,362,0.3499,False,False,False,False,False
260,5454341323252066560,0.75685604,0.75685604,0,365,1.04009,False,False,False,False,False
261,660597997696173440,0.75671639,0.75671639,1,366,0.104865,False,False,False,False,False
262,650121816549971072,0.75632158,0.75632158,0,369,0.653087,False,True,False,False,False
263,4054002382121941376,0.75623618,0.75623618,0.08,370,0.643452,False,False,False,False,False
264,6543113505561272320,0.75603882,0.75603882,0.24,372,-0.215523,False,False,True,False,False
265,3417514655774754304,0.75600769,0.75600769,0.16,373,0.972455,False,False,False,False,False
266,1412432297740307456,0.75592593,0.75592593,0.76,374,0.405539,False,False,False,False,False
267,6643640891616635904,0.7559119,0.7559119,0.44,375,0.249001,False,True,False,False,False
268,1928108370769224704,0.75581434,0.75581434,0.88,376,-0.140197,False,False,False,False,False
269,2848646203058386560,0.75563368,0.75563368,1,379,0.302624,False,False,False,False,False
270,2348794198298597376,0.75553047,0.75553047,0.88,380,0.10873,False,False,False,False,False
271,6096328055131756288,0.75542388,0.75542388,0.4,382,-0.021984,False,False,True,False,False
272,6868107358662346112,0.75537752,0.75537752,1,383,1.059321,False,False,False,False,False
273,6200489258394667392,0.75523658,0.75523658,0,384,0.442617,False,False,False,False,False
274,1992715605301433856,0.75521486,0.75521486,1,385,0.7433,False,False,False,False,False
275,3197623290976364544,0.75515143,0.75515143,0.48,386,-0.136642,False,False,False,False,False
276,4912898156569562624,0.75500632,0.75500632,1,387,0.714746,False,False,False,False,False
277,6272325816233230848,0.75492751,0.75492751,0.72,388,-0.092278,False,False,False,False,False
278,2142532104762071040,0.75475158,0.75475158,0.08,390,0.217151,False,False,False,False,False
279,1016617320150713088,0.75468916,0.75468916,0.2,391,0.288138,False,False,False,False,False
280,817747655601865088,0.7546542,0.7546542,0.32,392,0.711176,False,False,False,False,False
281,1218674395892254080,0.75463197,0.75463197,0.56,393,-0.04318,False,False,False,False,False
282,2796096109960502400,0.75462805,0.75462805,0.72,394,0.443851,False,False,True,False,False
283,1114322500375882880,0.75461375,0.75461375,0.4,395,0.749265,False,False,False,False,False
284,3826905921905875840,0.75425736,0.75425736,0.84,398,0.123393,False,False,False,False,False
285,1847398754093495936,0.75421827,0.75421827,0.2,399,0.989098,False,False,False,False,False
286,5279003887597588096,0.7541777,0.7541777,1,400,0.286088,False,False,False,False,False
287,6585308088911800192,0.75408402,0.75408402,0.08,401,0.13287,False,False,False,False,False
288,2421080250237097344,0.75354529,0.75354529,1,403,0.942368,False,False,False,False,False
289,2346362284735848064,0.75346367,0.75346367,0.24,404,0.670114,False,False,False,False,False
290,6344087572923880960,0.75343794,0.75343794,0.64,405,0.208423,False,False,True,False,False
291,5914510785147824384,0.75340824,0.75340824,0.36,406,-0.094485,False,False,False,False,False
292,408272414273594240,0.75338835,0.75338835,0.08,407,0.361289,False,False,False,False,False
293,975312104269362560,0.7528112,0.7528112,0.36,411,-0.066264,False,False,False,False,False
294,6020778549597731584,0.75270945,0.75270945,0.48,412,0.200216,False,False,False,False,False
295,4848274433663002752,0.75265457,0.75265457,0.24,413,0.636978,False,False,False,False,False
296,255572754798691584,0.75257019,0.75257019,0.28,414,0.005985,False,False,False,False,False
297,1271975287930195200,0.75228074,0.75228074,0.52,416,0.906275,False,False,False,False,False
298,6368781298414246144,0.75217216,0.75217216,0.88,417,0.477334,False,False,False,False,False
299,617536999183951360,0.75205751,0.75205751,0.76,419,0.375364,False,False,False,False,False
300,5313804049104618624,0.75201682,0.75201682,0.36,420,0.756348,False,False,False,False,False
301,3221766917054043648,0.75197364,0.75197364,0.56,421,0.986036,False,False,False,False,False
302,2616858770987215232,0.75187987,0.75187987,0.04,422,-0.126216,False,False,False,False,False
303,4965627680518079872,0.75175889,0.75175889,1,425,0.97558,False,False,False,False,False
304,5060726605869169664,0.75172994,0.75172994,0.76,426,0.322431,False,False,False,False,False
305,4043533145964992896,0.75167152,0.75167152,0.72,428,-0.152679,False,False,False,False,False
306,531631193640850048,0.75164483,0.75164483,0,429,0.648238,False,False,False,False,False
307,4518282166363872768,0.75164113,0.75164113,0.56,430,0.205664,False,False,False,False,False
308,4028913901877565184,0.75151559,0.75151559,0.8,431,0.110497,False,False,False,False,False
309,1415229111723916672,0.75139998,0.75139998,0.28,432,0.781089,False,False,False,False,False
310,4355863747509230336,0.75131377,0.75131377,0.16,434,-0.00898,False,False,False,False,False
311,5823352234607843968,0.75107882,0.75107882,0.32,435,0.557393,False,False,False,False,False
312,2326022517917324544,0.75099028,0.75099028,0.56,436,0.418503,False,False,True,False,False
313,6185930968525694592,0.75091695,0.75091695,0.4,438,0.573225,False,False,False,False,False
314,5514477118872769536,0.75079653,0.75079653,0.36,439,0.406379,False,False,False,False,False
315,1443958182325985536,0.75075615,0.75075615,0.32,440,0.41895,False,False,False,False,False
316,4005307284150108800,0.75072027,0.75072027,0.08,441,1.080614,False,False,False,False,False
317,5687711635453355904,0.75058747,0.75058747,0.16,442,0.109026,False,False,False,False,False
318,361744174557328256,0.75054166,0.75054166,0.68,443,0.092384,False,False,True,False,False
319,4257891802569298048,0.75039876,0.75039876,0.84,444,0.567682,False,False,False,False,False
320,3475201598476618496,0.7503724,0.7503724,0.8,445,-0.122569,False,False,True,False,False
321,2434353348448295168,0.75033553,0.75033553,0.28,446,0.630789,False,False,False,False,False
322,817687113742938496,0.75028615,0.75028615,0.2,447,-0.092401,False,False,False,False,False
323,1354205421812899328,0.75026529,0.75026529,1,448,0.277547,False,False,False,False,False
324,2657629216196026496,0.75019329,0.75019329,0.32,449,-0.10548,False,False,False,False,False
325,4512036905952899456,0.75017422,0.75017422,0.36,450,-0.026959,False,False,True,False,False
326,6082433732851849728,0.75003901,0.75003901,0.56,451,0.180247,False,False,False,False,False
327,179371719912574208,0.74988447,0.74988447,0.56,453,0.164688,False,False,False,False,False
328,6770934926184844800,0.74978709,0.74978709,0.96,454,0.50349,False,False,False,False,False
329,6809703667900602112,0.74962905,0.74962905,0.72,455,0.033694,False,False,False,False,False
330,2824770686019004032,0.74958833,0.74958833,1,456,0.223966,False,False,False,False,False
331,5541878048154946688,0.74944128,0.74944128,0.08,457,0.989933,False,False,False,False,False
332,3587436515624205440,0.74915187,0.74915187,0.16,459,0.507167,False,False,False,False,False
333,855374180455103616,0.74912403,0.74912403,0.28,460,-0.143775,False,False,True,False,False
334,5378392248325767808,0.74902844,0.74902844,0.08,462,0.645755,False,False,False,False,False
335,1782514511351226880,0.74895922,0.74895922,0.08,463,-0.177432,False,False,False,False,False
336,1372466046503024000,0.74890365,0.74890365,0.36,464,0.122147,False,False,True,False,False
337,5756431795089191680,0.74890023,0.74890023,0.68,465,0.854466,False,False,False,False,False
338,2930329815248232832,0.74889983,0.74889983,0.12,466,0.236267,False,False,True,False,False
339,870855888290331776,0.74852401,0.74852401,0.2,468,-0.214645,False,False,False,False,False
340,6575802742170044672,0.74848419,0.74848419,0.52,469,1.071521,False,False,False,False,False
341,5152569293171126784,0.7482927,0.7482927,0.2,470,0.423045,False,False,False,False,False
342,4983513092569817984,0.74810504,0.74810504,0.44,471,0.607324,False,False,False,False,False
343,301114663860498304,0.74790799,0.74790799,0.76,472,0.744934,False,False,False,False,False
344,5699620102306812416,0.74790519,0.74790519,0.4,473,-0.015285,False,False,False,False,False
345,3508944991857585664,0.74789939,0.74789939,0.64,474,1.112177,False,False,False,False,False
346,2985451459877085696,0.74785181,0.74785181,0.64,475,0.176147,False,False,False,False,False
347,6441391946801133184,0.74762278,0.74762278,0.52,476,0.667743,False,False,False,False,False
348,5142359296915275264,0.7475518,0.7475518,0.2,477,-0.399067,False,False,False,False,False
349,1164689925452698752,0.747537,0.747537,0,478,0.68838,False,False,False,False,False
350,4923179694098110848,0.74750138,0.74750138,0.84,479,-0.247308,False,False,False,False,False
351,6449281355047595904,0.74744512,0.74744512,0.4,481,0.096246,False,False,False,False,False
352,1883869760944472576,0.747395,0.747395,0.28,482,0.953129,False,False,False,False,False
353,168633305241171200,0.74734743,0.74734743,0.68,484,0.630065,False,False,False,False,False
354,2995147022130673024,0.7473451,0.7473451,0.68,485,-0.07076,False,False,False,False,False
355,5326538695847920384,0.74718519,0.74718519,0.68,489,-0.005804,False,False,False,False,False
356,5398501594442948480,0.74716754,0.74716754,0.44,490,-0.041689,False,True,False,False,False
357,1600624914108541824,0.74707259,0.74707259,1,492,0.564502,False,False,False,False,False
358,1214656441102455552,0.74687765,0.74687765,0.68,493,0.787805,False,False,True,False,False
359,698694185814209024,0.74684091,0.74684091,0.48,495,1.076434,False,False,True,False,False
360,2854333530032732928,0.74682333,0.74682333,0.4,496,0.520446,False,False,True,False,False
361,5103177615943928064,0.7466849,0.7466849,0.72,497,1.014567,False,False,False,False,False
362,5901094750438455296,0.74651313,0.74651313,0.12,499,0.72891,False,False,False,False,False
363,4116840541184279296,0.74633793,0.74633793,0.96,500,0.491224,False,False,False,False,False
364,5515943180192743808,0.74628824,0.74628824,0.36,501,-0.003327,False,False,False,False,False
365,1624385699685942912,0.74626148,0.74626148,0.04,502,-0.050504,False,False,False,False,False
366,645867909138456704,0.74615699,0.74615699,0.28,503,0.96756,False,False,False,False,False
367,2680325747532984064,0.74600609,0.74600609,0.24,504,0.605061,False,False,False,False,False
368,1283125607149311360,0.74597273,0.74597273,1,506,0.060167,False,False,False,False,False
369,4398284009915273856,0.7459235,0.7459235,0,507,0.44055,False,False,False,False,False
370,2760197497694795904,0.74587983,0.74587983,0.88,508,0.718867,False,False,False,False,False
371,6577829309602754688,0.74562188,0.74562188,0.28,509,0.059835,False,False,False,False,False
372,1827114276430871168,0.74537305,0.74537305,0.72,513,0.649383,False,False,False,False,False
373,1600405046142657408,0.74535185,0.74535185,0.28,515,0.33691,False,False,False,False,False
374,1987854316497211776,0.74529097,0.74529097,1,517,0.916581,False,False,False,False,False
375,1310446168993628928,0.74528054,0.74528054,0.36,518,0.065694,False,False,False,False,False
376,159805738696616320,0.74503936,0.74503936,0,520,-0.312133,False,False,False,False,False
377,1801715901387268352,0.74487562,0.74487562,1,523,0.324836,False,False,False,False,False
378,3313069881590622848,0.7448268,0.7448268,0.88,524,0.186805,False,False,False,False,False
379,5374687134660785792,0.74478086,0.74478086,0.12,526,0.321265,False,False,False,False,False
380,5618314412893120256,0.74465191,0.74465191,0.72,528,0.401469,False,False,False,False,False
381,692902199077986176,0.74447227,0.74447227,0.52,530,0.687306,False,False,False,False,False
382,5459706493319962624,0.74445354,0.74445354,0.52,531,0.994933,False,False,False,False,False
383,1838453368006631552,0.74416008,0.74416008,0.36,532,-0.491586,False,False,False,False,False
384,5277111971685878016,0.74406639,0.74406639,0.88,533,-0.09445,False,False,False,False,False
385,3532750380672773760,0.74399291,0.74399291,0.68,534,0.502978,False,False,True,False,False
386,374419890062240768,0.74382924,0.74382924,0.96,537,0.77519,False,False,False,False,False
387,1878020977557713536,0.74367836,0.74367836,0.16,539,0.783754,False,False,False,False,False
388,6613415621910666112,0.74367337,0.74367337,0.28,540,0.62595,False,False,False,False,False
389,576298990951520640,0.74366998,0.74366998,0.6,541,0.496663,False,False,False,False,False
390,892757094763765376,0.7435866,0.7435866,0.64,543,0.657689,False,False,False,False,False
391,1112121587335091840,0.74350479,0.74350479,0.4,544,0.688183,False,False,True,False,False
392,2788757282161376512,0.74345253,0.74345253,0.92,545,0.142522,False,False,False,False,False
393,1765572308477254656,0.7434346,0.7434346,0.64,546,0.369579,False,False,True,False,False
394,6334811302557583616,0.74326511,0.74326511,0.28,547,0.369522,False,False,False,False,False
395,1201509065174246912,0.74307082,0.74307082,0.28,548,0.537002,False,False,False,False,False
396,2129824980162406784,0.74290165,0.74290165,0.2,549,0.953631,False,False,True,False,False
397,2433113374210098176,0.74289686,0.74289686,0.2,550,0.825689,False,False,False,False,False
398,3669284466138039040,0.74289661,0.74289661,0.6,551,0.160984,False,False,True,False,False
399,3935608486150841472,0.74288232,0.74288232,0.4,552,0.393467,False,False,True,False,False
400,1661198658949878400,0.74273864,0.74273864,0.04,554,0.303818,False,False,False,False,False
401,5577131311508646656,0.74273418,0.74273418,0.2,555,0.968646,False,False,False,False,False
402,6572227714472220288,0.74270623,0.74270623,1,556,-0.189671,False,False,False,False,False
403,1427324667341867392,0.74262262,0.74262262,0.28,557,0.165615,False,False,True,False,False
404,5507751268803810432,0.74261103,0.74261103,0.12,558,-0.11683,False,False,False,False,False
405,2661815744157515776,0.74243036,0.74243036,0.4,559,0.803506,False,False,True,False,False
406,1968124512356482560,0.74223954,0.74223954,0,560,0.463907,False,False,False,False,False
407,2528227035593363840,0.74215156,0.74215156,1,562,0.610875,False,False,False,False,False
408,163088669962417920,0.74201495,0.74201495,0.32,563,0.316107,False,False,False,False,False
409,5845250726677154816,0.74184028,0.74184028,0,564,0.761939,False,False,False,False,False
410,6081074324165203200,0.74183839,0.74183839,0.44,565,0.143583,False,False,False,False,False
411,6527897432864704256,0.74164113,0.74164113,0.08,567,0.621866,False,False,False,False,False
412,6296957075718012416,0.74150409,0.74150409,0.08,571,0.963642,False,False,False,False,False
413,6428276181835444096,0.74145451,0.74145451,0.2,572,0.94146,False,False,False,False,False
414,2460484788470588288,0.74127943,0.74127943,0.56,574,0.937814,False,False,False,False,False
415,2917239476478912512,0.74123375,0.74123375,1,575,0.592132,False,False,False,False,False
416,3717703801424836992,0.74121915,0.74121915,0.32,576,0.472837,False,False,False,False,False
417,324841334513873408,0.74108951,0.74108951,0.28,577,0.673036,False,False,False,False,False
418,5132763962018455936,0.74101744,0.74101744,0,578,0.464644,False,False,False,False,False
419,1672344580119140096,0.74085572,0.74085572,0.24,579,0.327117,False,False,False,False,False
420,5450271068644577024,0.74040425,0.74040425,0,581,0.300536,False,False,False,False,False
421,6580721201279216512,0.7403532,0.7403532,0,582,0.112297,False,False,False,False,False
422,2962193318618003584,0.74012787,0.74012787,1,583,1.068924,False,False,False,False,False
423,2259230764239211520,0.73992757,0.73992757,0.2,585,0.309861,False,False,True,False,False
424,1426629604194615552,0.73991267,0.73991267,0.44,586,0.671999,False,False,False,False,False
425,5294868259840300416,0.73986617,0.73986617,0.36,587,0.555767,False,False,False,False,False
426,1994802478375856128,0.73985714,0.73985714,0.52,588,0.265709,False,False,True,False,False
427,3629067564905036544,0.73955378,0.73955378,1,589,-0.40995,False,False,True,False,False
428,4219398720817317376,0.7395088,0.7395088,0.24,590,0.062275,False,False,False,False,False
429,2691218437431065088,0.739493,0.739493,0.36,592,-0.193547,False,False,False,False,False
430,2273784278102076032,0.73947404,0.73947404,0.52,594,0.855328,False,False,False,False,False
431,3667551365230121728,0.73932801,0.73932801,0.2,595,0.37054,False,False,False,False,False
432,3134641100277154944,0.73922621,0.73922621,0.08,596,0.14585,False,False,False,False,False
433,5559035514776717312,0.73917068,0.73917068,1,598,-0.348752,False,False,False,False,False
434,6233523157539262336,0.73906862,0.73906862,0.4,599,0.758434,False,False,False,False,False
435,4312883979735415936,0.73905417,0.73905417,0.2,600,0.006759,False,False,False,False,False
436,5504582613730212352,0.73903226,0.73903226,0.44,601,0.331802,False,False,False,False,False
437,2051341496577120384,0.73903121,0.73903121,0.08,602,-0.125932,False,False,False,False,False
438,523359498947960704,0.73901835,0.73901835,1,603,0.383932,False,False,False,False,False
439,1057008189034348032,0.73886856,0.73886856,0.56,604,0.728048,False,False,False,False,False
440,4358696093755721600,0.7388627,0.7388627,0.12,605,0.683841,False,False,False,False,False
441,5439029627401396096,0.73879102,0.73879102,1,606,0.062435,False,False,False,False,False
442,4829224295199718784,0.73872969,0.73872969,0.8,607,0.067409,False,False,False,False,False
443,5215547017109927296,0.73872904,0.73872904,0.16,608,-0.234447,False,False,False,False,False
444,4825658304114207360,0.73852131,0.73852131,1,609,0.179366,False,False,False,False,False
445,1570654975915126144,0.73829545,0.73829545,0,611,0.157227,False,False,False,False,False
446,98163440350798208,0.73829492,0.73829492,0.32,612,0.861592,False,False,False,False,False
447,187247659142818560,0.73823104,0.73823104,1,613,-0.332393,False,False,False,False,False
448,6147189229645402752,0.73819657,0.73819657,0.36,615,0.554854,False,False,False,False,False
449,6160315989731008768,0.73814451,0.73814451,0.88,617,-0.05646,False,True,False,False,False
450,3959501973334360960,0.73812799,0.73812799,0.6,619,0.488466,False,True,False,False,False
451,325309932625905024,0.73811711,0.73811711,0.36,620,0.096775,False,False,True,False,False
452,2427543317023648768,0.73788927,0.73788927,0.04,621,0.645492,False,False,False,False,False
453,977170175840438144,0.73763275,0.73763275,0.36,622,0.116603,False,False,True,False,False
454,1502008547982114688,0.73760342,0.73760342,0.6,623,0.51006,False,False,False,False,False
455,1347429376465152384,0.73756372,0.73756372,0.2,625,0.146222,False,False,False,False,False
456,4875473499476883584,0.73754355,0.73754355,0.48,626,0.561922,False,False,False,False,False
457,3269160060098091008,0.73737671,0.73737671,0.4,628,0.654383,False,False,False,False,False
458,5299264691451407872,0.73732093,0.73732093,0,629,0.320031,False,False,False,False,False
459,2477974891732291840,0.73724374,0.73724374,0.6,631,0.799847,False,False,False,False,False
460,1388737444204396672,0.73718548,0.73718548,0.56,632,0.413715,False,False,False,False,False
461,4744405494330903296,0.7371736,0.7371736,0.88,633,-0.35136,False,False,False,False,False
462,2595752275196984832,0.73711213,0.73711213,0.12,634,0.351114,False,False,False,False,False
463,3573665957121306240,0.73703119,0.73703119,0.88,635,0.90122,False,False,False,False,False
464,4223944037466074112,0.737002,0.737002,0.6,636,0.111487,False,True,False,False,False
465,6901553707805727872,0.73700051,0.73700051,0.44,637,-0.407144,False,False,True,False,False
466,5185045224523131136,0.7369833,0.7369833,0.48,638,0.475143,False,False,False,False,False
467,5200259338719327872,0.73696146,0.73696146,0.6,639,0.209518,False,False,True,False,False
468,5673125406825164544,0.73696085,0.73696085,1,640,0.670866,False,False,False,False,False
469,5392573989820288768,0.73678773,0.73678773,1,642,0.141803,False,False,True,False,False
470,6128559894904188800,0.73671837,0.73671837,0.52,644,0.51404,False,False,False,False,False
471,3418745627761697024,0.73667417,0.73667417,0.44,645,0.040047,False,False,False,False,False
472,4620914223816524160,0.7366563,0.7366563,0.16,647,1.072648,False,False,False,False,False
473,2458142416387288960,0.7365306,0.7365306,0.08,648,0.998153,False,False,True,False,False
474,5773317961528696832,0.73649525,0.73649525,1,649,0.54806,False,False,False,False,False
475,4279741950482237440,0.73629392,0.73629392,0.4,650,0.059799,False,False,True,False,False
476,2429054458317192576,0.73589598,0.73589598,0.88,652,0.808276,False,False,False,False,False
477,3502592975744957824,0.73572688,0.73572688,1,653,0.66945,False,False,False,False,False
478,1149897160435827200,0.73565048,0.73565048,0,654,0.328809,False,False,False,False,False
479,3536327229436712704,0.73553266,0.73553266,0.72,656,0.920199,False,False,False,False,False
480,1445407544810063232,0.73546161,0.73546161,1,657,0.515845,False,False,False,False,False
481,5555968564532038016,0.73540682,0.73540682,0.8,658,0.628557,False,False,False,False,False
482,4622409319111790336,0.73538786,0.73538786,0.48,659,0.545531,False,False,False,False,False
483,2183807118443409536,0.73529174,0.73529174,0.08,660,1.002658,False,False,False,False,False
484,5075243629687810560,0.73518556,0.73518556,1,661,0.187208,False,False,False,False,False
485,732159230953946880,0.73516106,0.73516106,0.68,662,0.766498,False,False,False,False,False
486,5440833582388241920,0.73515179,0.73515179,0.96,663,0.055046,False,False,True,False,False
487,377417472293937280,0.73495154,0.73495154,0.48,665,0.8546,False,False,False,False,False
488,1583416698140114432,0.73489294,0.73489294,0.68,667,0.984253,False,False,False,False,False
489,4970049607047548672,0.73484325,0.73484325,0.08,668,0.153417,False,False,False,False,False
490,1103471110884516480,0.73478124,0.73478124,1,670,0.882317,False,False,False,False,False
491,3065680246374451328,0.73476734,0.73476734,0.76,671,0.544492,False,False,True,False,False
492,3737775386190261248,0.73463353,0.73463353,0.6,673,0.31904,False,False,False,False,False
493,3899305189182484736,0.73446043,0.73446043,0,675,0.076977,False,False,False,False,False
494,5652053305137738496,0.73438538,0.73438538,0.44,676,0.52595,False,False,True,False,False
495,1995477337995884416,0.73413782,0.73413782,0.48,677,-0.459395,False,False,False,False,False
496,700594691663342336,0.7340595,0.7340595,0.32,679,0.703865,False,False,False,False,False
497,5131385036998273152,0.73404908,0.73404908,0.76,680,-0.163845,False,False,True,False,False
498,556137864709421952,0.73385283,0.73385283,0.16,681,0.005225,False,True,False,False,False
499,3600673742270723712,0.73384633,0.73384633,0.08,682,0.32446,False,False,False,False,False
500,2353467844270636672,0.73373556,0.73373556,0.16,684,-0.011842,False,True,False,False,False
501,2570700555593258624,0.73361978,0.73361978,0.36,686,0.148681,False,False,True,False,False
502,4548267738224232448,0.73348742,0.73348742,0,690,0.085743,False,False,False,False,False
503,109152268796673024,0.73342895,0.73342895,0,692,1.051958,False,False,False,False,False
504,1262576490735790976,0.73333298,0.73333298,0.44,694,0.206158,False,False,False,False,False
505,3940049241817084288,0.73330531,0.73330531,0.64,695,0.649821,False,False,False,False,False
506,6098918534586151040,0.73324302,0.73324302,0.92,697,0.686642,False,False,False,False,False
507,4864928255252619264,0.73314415,0.73314415,0.44,699,0.216024,False,False,True,False,False
508,4893986285989235072,0.7330409,0.7330409,1,701,0.035099,False,False,False,False,False
509,2555661126311158656,0.73297082,0.73297082,0.28,702,0.59735,False,False,False,False,False
510,6071387386229710592,0.73295478,0.73295478,0,703,0.267636,False,True,False,False,False
511,572320030170942848,0.73278026,0.73278026,0.6,705,-0.21637,False,False,False,False,False
512,4767243244194445184,0.73270288,0.73270288,0.56,706,0.824411,False,False,True,False,False
513,6343487514453352704,0.73262352,0.73262352,0.96,708,0.861602,False,False,False,False,False
514,3605249600427076352,0.73259632,0.73259632,1,709,0.631213,False,False,False,False,False
515,3195919254111314816,0.73243963,0.73243963,1,710,0.189799,False,False,False,False,False
516,5271965673151469568,0.73234186,0.73234186,0.24,712,0.108832,False,False,True,False,False
517,166815640721776512,0.73231188,0.73231188,0.4,713,-0.45012,False,False,True,False,False
518,3249259792988902272,0.7322613,0.7322613,0.12,714,-0.157415,False,False,True,False,False
519,4403891244334953216,0.73216221,0.73216221,0.84,715,0.74665,False,False,False,False,False
520,45068917199431552,0.73203896,0.73203896,0,716,0.847891,False,False,False,False,False
521,3441494725201915264,0.73200633,0.73200633,0.56,717,0.477312,False,False,False,False,False
522,6006352372926246400,0.73194396,0.73194396,0.2,718,0.153224,False,True,False,False,False
523,3343203715737349376,0.73193566,0.73193566,0.08,719,0.765407,False,False,False,False,False
524,5235291462829758848,0.73174045,0.73174045,0.8,723,-0.355406,False,False,False,False,False
525,5822159986044549248,0.73160948,0.73160948,0.44,726,0.109391,False,False,True,False,False
526,787399966455138688,0.73155374,0.73155374,0.4,727,0.586991,False,False,False,False,False
527,2819646686955897600,0.73153194,0.73153194,0,728,0.326471,False,False,False,False,False
528,1749798744729150720,0.73132144,0.73132144,0.16,729,-0.161626,False,False,False,False,False
529,1657313946930344448,0.73129269,0.73129269,0,730,-0.044243,False,False,False,False,False
530,2504063107203719424,0.73125043,0.73125043,0.2,731,0.06209,False,False,True,False,False
531,764233664467965824,0.73124034,0.73124034,0.16,732,0.732305,False,False,True,False,False
532,6498173544757270400,0.73119992,0.73119992,0.24,733,0.480671,False,False,False,False,False
533,5504204347370443776,0.73118905,0.73118905,0.36,734,0.181001,False,False,False,False,False
534,1217467067705592576,0.73112495,0.73112495,1,735,0.316495,False,False,False,False,False
535,2112787051054694144,0.73110168,0.73110168,0.28,737,0.693491,False,False,False,False,False
536,1833815146938132736,0.73107936,0.73107936,0.08,738,-0.100052,False,False,False,False,False
537,1149611738386037248,0.73086342,0.73086342,0.44,740,0.339354,False,False,False,False,False
538,2828718757395858816,0.73086252,0.73086252,0.48,741,0.74218,False,False,False,False,False
539,5022540463954913792,0.73064796,0.73064796,0,743,0.228714,False,False,False,False,False
540,4630997192119234304,0.73052369,0.73052369,0.04,744,0.388938,False,False,True,False,False
541,6898779158932900096,0.73048351,0.73048351,0.84,745,1.010346,False,False,False,False,False
542,1541876633446684544,0.73042647,0.73042647,0.32,746,0.852281,False,False,False,False,False
543,4654800210124325760,0.73042618,0.73042618,0.76,747,-0.115873,False,False,False,False,False
544,1577169925905951488,0.73038295,0.73038295,0.52,748,0.039951,False,False,False,False,False
545,4978625041828782848,0.73036964,0.73036964,1,749,0.534382,False,False,False,False,False
546,3958436134250193664,0.73022045,0.73022045,0.32,751,0.20166,False,False,True,False,False
547,6569366166743271168,0.73019026,0.73019026,0.56,752,0.777341,False,False,False,False,False
548,3178132420149741824,0.73011174,0.73011174,1,754,0.586667,False,False,False,False,False
549,4125128144378818816,0.73007342,0.73007342,0.12,755,-0.416733,False,False,False,False,False
550,5413827034193634688,0.73001477,0.73001477,0.12,756,0.241484,False,False,True,False,False
551,4407666005194231808,0.72986677,0.72986677,0.88,757,0.105226,False,False,False,False,False
552,950667444485503744,0.72977612,0.72977612,0.84,758,0.26677,False,False,False,False,False
553,847303558949950464,0.72973081,0.72973081,0.08,759,-0.153087,False,True,False,False,False
554,4643037806515585664,0.72969767,0.72969767,0.8,760,0.440114,False,True,False,False,False
555,5796872867857567616,0.72951782,0.72951782,0.08,761,0.613539,False,False,False,False,False
556,800869945958114304,0.72946935,0.72946935,0.16,762,0.317982,False,False,False,False,False
557,726205714791433984,0.72940564,0.72940564,1,763,0.439605,False,False,False,False,False
558,4406489184157821952,0.72931185,0.72931185,0.24,764,-0.13295,False,True,False,False,False
559,1297825081176535680,0.72930764,0.72930764,0.44,765,0.681548,False,False,False,False,False
560,6597992536084642816,0.72927604,0.72927604,0.04,766,0.502114,False,False,False,False,False
561,345975386812736768,0.72905358,0.72905358,0.36,768,0.907734,False,False,False,False,False
562,409519707138844160,0.72896536,0.72896536,0.72,769,0.043683,False,False,True,False,False
563,2343345568426552320,0.7288759,0.7288759,0.24,771,0.702418,False,False,False,False,False
564,5655050092795276800,0.72886772,0.72886772,1,772,0.386055,False,False,False,False,False
565,3560746351897773952,0.7288196,0.7288196,1,773,-0.185499,False,False,False,False,False
566,5266917261213622144,0.72881245,0.72881245,1,774,0.29515,False,False,True,False,False
567,5020671362906979328,0.72874449,0.72874449,0.24,775,0.315103,False,True,False,False,False
568,292867776895850752,0.72867432,0.72867432,0,776,0.116424,False,False,True,False,False
569,266097894280004352,0.7286396,0.7286396,0,777,0.183873,False,False,False,False,False
570,1959316084181465856,0.72847348,0.72847348,0.88,778,-0.301802,False,False,True,False,False
571,6589198607728693376,0.72846955,0.72846955,0,779,0.554126,False,False,False,False,False
572,4949803646610110592,0.72836936,0.72836936,0.44,781,1.025762,False,False,False,False,False
573,3317901440625203968,0.72829589,0.72829589,0.92,782,0.094946,False,False,False,False,False
574,2972997497828295424,0.72816541,0.72816541,0.8,783,0.3025,False,False,True,False,False
575,2622218413430841728,0.72815313,0.72815313,0.68,784,0.148406,False,False,False,False,False
576,3643368809568275584,0.72812861,0.72812861,0,785,0.051263,False,False,False,False,False
577,3550102598303781632,0.72807476,0.72807476,0,787,0.505925,False,True,False,False,False
578,3724009569329554560,0.72805056,0.72805056,0.28,788,0.926855,False,False,False,False,False
579,3231216016903892608,0.72801823,0.72801823,0.72,789,0.812476,False,False,False,False,False
580,3230306548988683392,0.72785549,0.72785549,0.88,790,0.249762,False,False,False,False,False
581,373077837337549952,0.72783466,0.72783466,0.16,791,0.155286,False,False,False,False,False
582,3313839574086963712,0.72767956,0.72767956,0.2,794,0.895395,False,False,False,False,False
583,5645479806157346688,0.72755096,0.72755096,1,795,0.095665,False,False,False,False,False
584,3486314980974222208,0.72753396,0.72753396,0.24,796,0.556847,False,False,False,False,False
585,1915021399259762560,0.72752663,0.72752663,0.12,797,-0.207748,False,False,False,False,False
586,4744118075120918272,0.72752234,0.72752234,0.12,798,1.043608,False,False,False,False,False
587,4404653102818671104,0.72745279,0.72745279,0.76,799,-0.121298,False,False,False,False,False
588,4185029434755498240,0.72741683,0.72741683,0.36,800,-0.195663,False,False,False,False,False
589,6020094790832709248,0.72723953,0.72723953,0.4,803,-0.352558,False,True,False,False,False
590,5108164657091367808,0.72709129,0.72709129,0.64,805,0.605857,False,False,False,False,False
591,330242341788122112,0.72705455,0.72705455,0.44,806,0.64547,False,False,False,False,False
592,1340701911490929536,0.72701091,0.72701091,0.36,807,0.340475,False,True,False,False,False
593,1037705643933525376,0.72693122,0.72693122,0.32,808,0.74571,False,False,False,False,False
594,838221249306167424,0.7269181,0.7269181,0.56,809,0.884056,False,False,False,False,False
595,45679386670867584,0.72689114,0.72689114,0.52,810,0.892726,False,False,False,False,False
596,1823754924801867648,0.72687923,0.72687923,0,811,0.077176,False,False,False,False,False
597,910509397189812352,0.72682753,0.72682753,0.44,812,0.500359,False,False,False,False,False
598,1102140358217366912,0.7267525,0.7267525,0.04,813,0.600897,False,False,True,False,False
599,4960651016012601856,0.7267485,0.7267485,1,814,-0.016103,False,False,False,False,False
600,4708663051372519808,0.72670316,0.72670316,0.48,815,-0.099016,False,False,True,False,False
601,3948482839599774464,0.72649265,0.72649265,0.2,816,0.631183,False,False,True,False,False
602,6334149568356298496,0.72636056,0.72636056,0.72,817,0.374398,False,False,True,False,False
603,6582502959872402944,0.72634319,0.72634319,1,818,0.586908,False,False,False,False,False
604,6254175078287148672,0.72632185,0.72632185,0,819,0.424366,False,False,False,False,False
605,5322541971084471424,0.72628958,0.72628958,0.16,821,0.279396,False,True,False,False,False
606,4682373934511015552,0.72628137,0.72628137,0.16,822,0.44083,False,False,True,False,False
607,1316219257874320256,0.72610046,0.72610046,0.4,824,0.930522,False,False,False,False,False
608,1753469399878334208,0.7259104,0.7259104,0.68,826,0.347452,False,False,True,False,False
609,941245621974665984,0.7257419,0.7257419,0.72,828,-0.416451,False,False,False,False,False
610,1620288580060016384,0.72567874,0.72567874,0,829,0.038349,False,False,False,False,False
611,1209432042883668480,0.72559507,0.72559507,1,830,-0.1116,False,False,True,False,False
612,1677768333540094848,0.7254402,0.7254402,1,832,0.297295,False,False,False,False,False
613,2051984436005124480,0.7250976,0.7250976,1,835,0.925031,False,False,False,False,False
614,3459312487225037440,0.72508488,0.72508488,0.64,836,0.932194,False,False,False,False,False
615,5849657878535855744,0.72507637,0.72507637,0.72,837,0.069918,False,False,False,False,False
616,509181262149641216,0.72495388,0.72495388,0.08,838,0.927624,False,False,False,False,False
617,2775987485397299072,0.72482644,0.72482644,1,841,0.350903,False,False,False,False,False
618,2978970766544242048,0.72478183,0.72478183,0.16,842,0.900983,False,False,False,False,False
619,6844435526147167744,0.72472464,0.72472464,0.12,843,-0.188009,False,True,False,False,False
620,1590096093840214272,0.72469089,0.72469089,0.92,846,-0.295687,False,False,True,False,False
621,2770116058946308736,0.72469035,0.72469035,0.4,847,0.971092,False,False,True,False,False
622,1359173947355337344,0.72467415,0.72467415,0.08,848,0.56755,False,False,False,False,False
623,2600730623329483136,0.72461099,0.72461099,0.2,849,0.453079,False,False,False,False,False
624,5599646629598022656,0.72458632,0.72458632,0.16,850,0.06429,False,True,False,False,False
625,1718090723465889536,0.72443114,0.72443114,0.16,851,0.471029,False,False,True,False,False
626,3392717846773307776,0.72429302,0.72429302,0,853,0.079879,False,False,False,False,False
627,6163541785049288960,0.72427656,0.72427656,0.96,854,0.144739,False,False,False,False,False
628,717368531818988288,0.72418524,0.72418524,0.04,858,0.514657,False,False,False,False,False
629,2799227106759461888,0.72416934,0.72416934,0.76,859,0.229671,False,False,True,False,False
630,857627148499656064,0.7239803,0.7239803,0.16,863,-0.222261,False,False,False,False,False
631,3726391833069694336,0.72392826,0.72392826,0.08,864,0.267045,False,False,False,False,False
632,5435681717576668544,0.7238598,0.7238598,0.36,865,-0.36093,False,False,False,False,False
633,5055328278653340032,0.72365722,0.72365722,0.36,867,-0.34707,False,False,False,False,False
634,4520320626578911872,0.72364369,0.72364369,0,868,0.038639,False,False,False,False,False
635,173230977535014272,0.72359561,0.72359561,0.16,870,0.627458,False,False,True,False,False
636,4034505811857850240,0.72354803,0.72354803,0.4,872,0.98339,False,False,False,False,False
637,6575836620872095488,0.72328797,0.72328797,0.6,873,0.639746,False,False,True,False,False
638,4876262880105882112,0.72319841,0.72319841,0.36,875,1.074675,False,False,True,False,False
639,4903478713469997440,0.72315471,0.72315471,0.36,876,0.911437,False,False,False,False,False
640,1215819479590635776,0.72295395,0.72295395,0.36,879,0.064254,False,False,False,False,False
641,6342463662969782912,0.72290837,0.72290837,1,880,0.814387,False,False,False,False,False
642,3831375157499435648,0.72272529,0.72272529,0.4,881,-0.171463,False,False,False,False,False
643,5318516315420580864,0.72266958,0.72266958,0.88,883,0.854955,False,False,False,False,False
644,2436989973036070912,0.72256449,0.72256449,0.28,884,0.990042,False,False,False,False,False
645,2491991946999387904,0.72250491,0.72250491,0.6,885,1.003592,False,False,False,False,False
646,3205154464590793472,0.72234745,0.72234745,0.12,887,0.565259,False,False,False,False,False
647,2793223945070580096,0.72230218,0.72230218,0.2,888,0.788408,False,False,False,False,False
648,3865309457882868096,0.72226746,0.72226746,0.64,890,0.931509,False,False,False,False,False
649,3684918769866265088,0.72221561,0.72221561,0.4,891,0.599938,False,False,False,False,False
650,2171402290823866624,0.72218849,0.72218849,0.8,892,0.432395,False,False,True,False,False
651,2450599697900838912,0.72206378,0.72206378,1,896,-0.083914,False,False,False,False,False
652,6039683483818486656,0.72202738,0.72202738,0.28,897,0.354113,False,False,False,False,False
653,5590736084278574464,0.72195499,0.72195499,1,898,0.796754,False,False,False,False,False
654,5562996436699582080,0.72185131,0.72185131,0.12,899,1.091447,False,False,True,False,False
655,847398254388545792,0.72184226,0.72184226,0.12,900,1.102253,False,False,False,False,False
656,699480474068226688,0.72170449,0.72170449,0.36,901,-0.187534,False,False,False,False,False
657,486708584501762560,0.72167599,0.72167599,0,902,-0.060401,False,True,False,False,False
658,5518349869403884928,0.72163143,0.72163143,1,904,0.074757,False,False,False,False,False
659,3237544118638949632,0.72150339,0.72150339,0.36,905,0.500711,False,True,False,False,False
660,5334258538805639040,0.7211489,0.7211489,0.32,906,-0.36108,False,False,False,False,False
661,1690721061551834240,0.72108966,0.72108966,0,908,0.84086,False,False,True,False,False
662,3786503130193063168,0.72108834,0.72108834,0.16,909,0.224634,False,False,False,False,False
663,2910724217247417088,0.72106767,0.72106767,0.12,910,-0.221237,False,False,False,False,False
664,1293522004981759872,0.7210588,0.7210588,0.28,911,-0.194292,False,True,False,False,False
665,6742759043068453248,0.72101521,0.72101521,0.28,912,0.962916,False,False,False,False,False
666,2453860505791897728,0.72097119,0.72097119,0.04,914,0.774937,False,False,True,False,False
667,3233998159279736064,0.72087514,0.72087514,0.32,915,0.098159,False,False,False,False,False
668,3223516063958808064,0.72076653,0.72076653,1,917,0.479339,False,False,False,False,False
669,1805165790919302272,0.72074679,0.72074679,0.12,920,0.047814,False,False,False,False,False
670,1780966124101480448,0.72072255,0.72072255,0.24,921,-0.128646,False,True,False,False,False
671,2791782794564103680,0.72064915,0.72064915,1,922,0.410653,False,False,False,False,False
672,9919042287151872,0.72063908,0.72063908,0.32,923,0.411486,False,False,True,False,False
673,274841146328966272,0.72037701,0.72037701,0.44,924,0.366375,False,True,False,False,False
674,4815317156736151040,0.72031001,0.72031001,0.56,925,0.642491,False,False,False,False,False
675,5463607423134608000,0.72021546,0.72021546,0.12,926,0.252962,False,False,False,False,False
676,2468929243931522304,0.72018279,0.72018279,1,927,0.420134,False,False,False,False,False
677,605324994116863360,0.72014835,0.72014835,0.48,928,0.961466,False,False,False,False,False
678,5308646274424941696,0.71995189,0.71995189,0.44,930,0.825847,False,False,False,False,False
679,3931880591977203584,0.71992023,0.71992023,1,931,0.135719,False,False,False,False,False
680,1287815677073366528,0.71991953,0.71991953,0.36,932,0.810487,False,False,False,False,False
681,2860245500975704320,0.71974894,0.71974894,0.24,933,-0.242955,False,False,False,False,False
682,263553491231320576,0.71971677,0.71971677,0.64,934,0.937329,False,False,False,False,False
683,6536153940554895872,0.71968919,0.71968919,1,935,-0.061755,False,False,True,False,False
684,2002503659672268928,0.71960723,0.71960723,0.56,936,0.669268,False,True,False,False,False
685,18565464288396416,0.71958684,0.71958684,1,937,0.09677,False,False,False,False,False
686,1720039745265724288,0.7195211,0.7195211,0.64,938,0.175678,False,True,False,False,False
687,4575693436572893056,0.71938169,0.71938169,0.56,939,0.09673,False,False,False,False,False
688,4197208140931710848,0.71937508,0.71937508,0.24,940,0.339126,False,True,False,False,False
689,2463211714746424576,0.71934361,0.71934361,0.72,941,0.940742,False,False,False,False,False
690,6340981796172195584,0.71933017,0.71933017,0,942,0.898172,False,False,False,False,False
691,3299381442858615936,0.71932382,0.71932382,1,943,0.656976,False,False,False,False,False
692,3365063724883180288,0.71920357,0.71920357,1,944,0.182642,False,False,False,False,False
693,586886222774444032,0.71910753,0.71910753,1,945,0.247172,False,False,True,False,False
694,2263774530400935680,0.71908023,0.71908023,0.2,946,0.807201,False,True,False,False,False
695,3013226016948271104,0.71899114,0.71899114,0.52,948,0.165054,False,False,False,False,False
696,2446507796659516288,0.7188492,0.7188492,0.92,950,0.822556,False,False,False,False,False
697,3415641019241878016,0.71879253,0.71879253,0.96,951,0.359881,False,False,False,False,False
698,735988967392303232,0.71873917,0.71873917,0.36,952,0.734237,False,False,True,False,False
699,5338458020412638592,0.71873327,0.71873327,0.24,953,-0.164347,False,False,False,False,False
700,1187303718538875520,0.71870228,0.71870228,0.16,954,0.300603,False,False,False,False,False
701,5222856810931675904,0.71862082,0.71862082,0.16,955,0.692664,False,False,False,False,False
702,2542418299029222528,0.71857638,0.71857638,0.88,956,0.838642,False,False,False,False,False
703,1954960471948542720,0.71850741,0.71850741,0.16,958,-0.152306,False,False,False,False,False
704,1949280120002669440,0.71849794,0.71849794,0.44,959,-0.350334,False,False,False,False,False
705,1110476958457817984,0.71842339,0.71842339,0.04,960,-0.238423,False,False,False,False,False
706,2106422459279293568,0.71839301,0.71839301,0.44,961,-0.547142,False,False,True,False,False
707,544146414802697600,0.71829161,0.71829161,0.32,962,-0.044463,False,False,False,False,False
708,5199652167781637632,0.71803671,0.71803671,0.36,964,0.543367,False,False,False,False,False
709,6564726708708563712,0.71793198,0.71793198,0.08,965,0.819519,False,False,False,False,False
710,1611087248283201024,0.71787838,0.71787838,1,966,0.48766,False,False,False,False,False
711,5566748313968413312,0.71782171,0.71782171,0,967,-0.195379,False,False,False,False,False
712,5349069372731772928,0.71773768,0.71773768,0.44,968,0.918464,False,False,False,False,False
713,846442808847296128,0.71768578,0.71768578,0.16,971,0.178037,False,True,False,False,False
714,148625114192311168,0.71744375,0.71744375,0.8,976,0.947439,False,False,False,False,False
715,6467565924179142272,0.71734566,0.71734566,0.44,977,0.657507,False,False,False,False,False
716,6131163538436323456,0.71731802,0.71731802,0.64,978,0.448725,False,False,False,False,False
717,3676147961315725312,0.71724431,0.71724431,0.12,979,0.917407,False,False,False,False,False
718,432528843370092288,0.71704434,0.71704434,1,981,0.093362,False,False,False,False,False
719,3203300859784180096,0.71701474,0.71701474,0.52,982,1.08412,False,False,False,False,False
720,734100281294170624,0.71695923,0.71695923,0.04,984,-0.264057,False,False,False,False,False
721,108727170113766016,0.71695332,0.71695332,0.16,985,0.982135,False,False,False,False,False
722,6383229053001389312,0.71692,0.71692,1,986,-0.118752,False,False,False,False,False
723,1482742664722613632,0.71689469,0.71689469,0.24,988,0.341373,False,False,False,False,False
724,6846774737136828800,0.71638718,0.71638718,0.32,995,-0.262017,False,False,False,False,False
725,6298979455559073664,0.7163146,0.7163146,0.36,996,-0.304625,False,False,False,False,False
726,5336404957321100672,0.71623099,0.71623099,0.56,997,0.390795,False,False,True,False,False
727,621139926990028288,0.71608025,0.71608025,0,998,0.343958,False,False,False,False,False
728,2310240372825841280,0.71607927,0.71607927,1,999,0.552684,False,False,False,False,False
729,1315167884240194560,0.71605075,0.71605075,0.6,1001,0.761619,False,False,False,False,False
730,3495642894026559872,0.71600531,0.71600531,0.68,1002,0.733837,False,False,False,False,False
731,3010250841562435456,0.7159511,0.7159511,0.52,1003,0.073769,False,False,False,False,False
732,5911049213298157440,0.71590407,0.71590407,0,1005,-0.278248,False,False,False,False,False
733,4325623711706539648,0.71557686,0.71557686,0.2,1008,-0.182191,False,False,False,False,False
734,5217707935417748096,0.71545072,0.71545072,0.2,1009,0.47941,False,True,False,False,False
735,3708041636837257088,0.71533792,0.71533792,0.12,1010,-0.168365,False,False,False,False,False
736,1717366591979606528,0.71533579,0.71533579,1,1012,0.034886,False,False,False,False,False
737,65461902959414656,0.71517995,0.71517995,0.16,1014,0.531765,False,False,False,False,False
738,5603712314350952960,0.71507326,0.71507326,0,1015,0.671465,False,False,False,False,False
739,4331079144803936512,0.71475882,0.71475882,0.12,1016,0.443958,False,False,False,False,False
740,247099334084364672,0.71475531,0.71475531,0.56,1017,0.701388,False,False,False,False,False
741,2616132101175335936,0.71466062,0.71466062,1,1018,-0.055328,False,False,False,False,False
742,1516010038287633792,0.71465346,0.71465346,0.24,1019,-0.15501,False,False,False,False,False
743,1495487688115551744,0.71464253,0.71464253,1,1020,0.048977,False,False,False,False,False
744,1721131594671848704,0.71462537,0.71462537,0.72,1021,1.026148,False,False,False,False,False
745,322306754053509760,0.71451026,0.71451026,0.04,1022,0.793837,False,False,True,False,False
746,6825495441925681920,0.71449796,0.71449796,0.4,1023,0.981586,False,False,True,False,False
747,6374614379398321280,0.71446639,0.71446639,0.44,1024,-0.208054,False,False,True,False,False
748,6754089342890740224,0.71446598,0.71446598,0.2,1025,1.06677,False,False,False,False,False
749,4686584548651046400,0.71445452,0.71445452,0,1026,0.193148,False,False,False,False,False
750,1022122334352145280,0.71442586,0.71442586,1,1027,0.643867,False,False,False,False,False
751,326070279276059008,0.71424865,0.71424865,1,1030,1.01838,False,False,False,False,False
752,5856902972967514368,0.71423578,0.71423578,0,1032,0.543418,False,False,False,False,False
753,5290121771222940544,0.71420664,0.71420664,0,1034,0.376185,False,True,False,False,False
754,488529478835185408,0.71409901,0.71409901,0.52,1037,0.535249,False,False,False,False,False
755,1422476164660823168,0.7139813,0.7139813,0.52,1038,0.805774,False,False,False,False,False
756,83214583338884224,0.71387586,0.71387586,0.32,1039,0.066501,False,False,False,False,False
757,921478434424926208,0.71386034,0.71386034,0.4,1040,-0.60186,False,False,False,False,False
758,6439807619265739520,0.71372511,0.71372511,0.76,1041,0.400781,False,False,True,False,False
759,6854411292069453696,0.71372202,0.71372202,0.04,1042,0.241332,False,False,False,False,False
760,4194415415746953088,0.7136634,0.7136634,0.16,1043,-0.351866,False,False,False,False,False
761,1161775395004854144,0.71366315,0.71366315,0,1044,0.417643,False,False,False,False,False
762,3909560059256796544,0.71320574,0.71320574,0.44,1048,0.156383,False,False,False,False,False
763,5222467957473239552,0.71320117,0.71320117,0.16,1049,-0.000923,False,False,False,False,False
764,4876090222420502144,0.71301151,0.71301151,0.16,1051,1.080159,False,False,False,False,False
765,5494230711755880704,0.71276769,0.71276769,0.08,1052,0.152795,False,False,True,False,False
766,6448597630613279872,0.71270977,0.71270977,0.92,1054,0.010946,False,False,False,False,False
767,1818831071188453120,0.71265798,0.71265798,0.12,1055,0.481596,False,False,False,False,False
768,1667336781395236096,0.71261448,0.71261448,0.92,1056,0.524968,False,False,False,False,False
769,6383963114451742464,0.71247488,0.71247488,1,1057,0.139682,False,False,False,False,False
770,368613231718631296,0.71246444,0.71246444,0.36,1058,0.200391,False,False,False,False,False
771,2359242788577524736,0.71233125,0.71233125,0.6,1059,0.794521,False,False,False,False,False
772,2113056809360314240,0.7121584,0.7121584,0.6,1062,0.374862,False,False,False,False,False
773,3541934219045374336,0.7121264,0.7121264,0.08,1063,0.769892,False,False,False,False,False
774,746931753788334464,0.71190171,0.71190171,0.6,1065,0.370572,False,False,True,False,False
775,1286136860255236608,0.71183336,0.71183336,0.6,1066,0.410714,False,False,False,False,False
776,374803108521007488,0.71172303,0.71172303,0.4,1067,0.635352,False,False,True,False,False
777,2079073928612821760,0.71169696,0.71169696,1,1068,0.11109,False,False,False,False,False
778,2900526659214382080,0.71166946,0.71166946,0.8,1069,0.709335,False,False,False,False,False
779,1681486229030330752,0.71166733,0.71166733,0.04,1070,0.427578,False,False,False,False,False
780,1584072591185664896,0.71165937,0.71165937,0.6,1071,0.979236,False,False,False,False,False
781,412186533928517248,0.71165421,0.71165421,0.72,1072,0.551044,False,False,False,False,False
782,4987723809786770304,0.71159715,0.71159715,0.36,1073,-0.087401,False,True,False,False,False
783,2448404248058334848,0.71141206,0.71141206,0.96,1076,1.040649,False,False,False,False,False
784,227087603983161984,0.71140251,0.71140251,0.12,1077,0.35257,False,False,False,False,False
785,1889703529122914560,0.71124598,0.71124598,1,1080,0.581389,False,False,False,False,False
786,4519096492161974144,0.71109747,0.71109747,0.2,1083,-0.003719,False,False,False,False,False
787,4463742575679541504,0.71106135,0.71106135,0.36,1084,-0.200356,False,True,False,False,False
788,2842925409699760256,0.71105139,0.71105139,0.04,1085,0.496704,False,False,True,False,False
789,1640572714166158976,0.711004,0.711004,0.92,1086,0.917946,False,False,False,False,False
790,2341726571915014400,0.71100259,0.71100259,0.16,1087,0.020857,False,False,False,False,False
791,3606397348831305216,0.71095842,0.71095842,0.48,1088,-0.298981,False,False,False,False,False
792,4454532237354157568,0.71078407,0.71078407,1,1090,0.307025,False,False,False,False,False
793,1293234723208262144,0.71068501,0.71068501,1,1091,0.574106,False,False,False,False,False
794,2203579464238080000,0.71055946,0.71055946,0.04,1096,0.051779,False,False,False,False,False
795,6476612499694715648,0.71054614,0.71054614,0.08,1097,0.172772,False,False,False,False,False
796,1115034331075446528,0.71049902,0.71049902,0,1098,0.640762,False,False,False,False,False
797,4022645689166462976,0.71049652,0.71049652,0.28,1099,0.751603,False,False,False,False,False
798,6067708763903130880,0.71043878,0.71043878,0.2,1100,0.317117,False,False,False,False,False
799,1957077749085971584,0.71041258,0.71041258,0,1102,0.291335,False,False,False,False,False
800,2509463083685544320,0.71038609,0.71038609,0.92,1103,0.536773,False,False,False,False,False
801,36955414740605824,0.71037548,0.71037548,0.4,1104,0.475708,False,False,False,False,False
802,3145608419523709696,0.71037054,0.71037054,0.12,1105,1.083142,False,False,True,False,False
803,427104673334306176,0.71030558,0.71030558,0.84,1107,0.870221,False,False,False,False,False
804,1805028863062027264,0.71016645,0.71016645,0.6,1109,0.55174,False,False,False,False,False
805,5305346399517857280,0.71009735,0.71009735,1,1110,0.844161,False,False,False,False,False
806,502737642965579648,0.71009491,0.71009491,0,1111,-0.43056,False,False,False,False,False
807,6112935525431766528,0.7100893,0.7100893,0.48,1112,0.821889,False,False,False,False,False
808,2479453696216295296,0.71003062,0.71003062,1,1113,0.809417,False,False,False,False,False
809,1957338371998792576,0.70999101,0.70999101,0.04,1115,0.200029,False,False,False,False,False
810,4743841784168215424,0.70999053,0.70999053,0.36,1116,0.906472,False,False,False,False,False
811,3080857458209146368,0.70996688,0.70996688,0.76,1117,0.522832,False,False,False,False,False
812,545559493402343680,0.70983963,0.70983963,0.36,1119,0.521126,False,False,True,False,False
813,4100890647495167744,0.70978612,0.70978612,0.52,1122,0.665963,False,False,False,False,False
814,255731217616609792,0.70971586,0.70971586,0.28,1123,0.236187,False,True,False,False,False
815,6403254252120730368,0.70971556,0.70971556,1,1124,0.620325,False,False,False,False,False
816,6425912987746838144,0.70967964,0.70967964,0.96,1125,0.016892,False,False,True,False,False
817,3998674480255094016,0.70966489,0.70966489,0.6,1126,0.858486,False,False,False,False,False
818,5710630027635527168,0.70964736,0.70964736,0.28,1127,0.819804,False,False,False,False,False
819,2801708463985223680,0.70949031,0.70949031,0.48,1129,-0.06122,False,False,False,False,False
820,713172211332191104,0.70948691,0.70948691,0,1130,-0.130933,False,False,False,False,False
821,2170202105148939136,0.70948444,0.70948444,0.2,1131,-0.070604,False,False,False,False,False
822,5619653274451847552,0.70942095,0.70942095,0.68,1132,0.904194,False,False,True,False,False
823,6592223158057230592,0.70938374,0.70938374,1,1133,-0.056737,False,False,False,False,False
824,3242298578715440000,0.70930249,0.70930249,0,1134,0.926103,False,False,False,False,False
825,2518399295720818048,0.7092884,0.7092884,0.44,1135,0.716613,False,False,False,False,False
826,4547881191164080768,0.70928172,0.70928172,1,1136,-0.285692,False,False,False,False,False
827,6011302546085703552,0.70924546,0.70924546,1,1137,0.433588,False,False,True,False,False
828,3129978174541780992,0.70920247,0.70920247,0.76,1138,0.253574,False,False,False,False,False
829,1072408116395809664,0.70911692,0.70911692,0,1139,0.237364,False,False,False,False,False
830,3671653814912056064,0.70906846,0.70906846,0.24,1140,0.07862,False,False,False,False,False
831,2363976907689160832,0.70902206,0.70902206,0,1141,0.591789,False,False,False,False,False
832,2135110259540829824,0.70901639,0.70901639,0.68,1142,0.025045,False,False,False,False,False
833,2515329665414503808,0.708981,0.708981,0.8,1143,0.088717,False,False,False,False,False
834,4303614168992941568,0.70892382,0.70892382,0.48,1145,0.479496,False,False,False,False,False
835,5445076219799025664,0.70890786,0.70890786,0.48,1146,0.666024,False,False,False,False,False
836,6616413852680821248,0.70880511,0.70880511,0.92,1148,0.55111,False,False,False,False,False
837,5063978755103431296,0.70878131,0.70878131,0.52,1149,0.64175,False,False,True,False,False
838,414421055091406080,0.70872067,0.70872067,0.8,1150,0.746683,False,False,False,False,False
839,1439063500156563328,0.70868328,0.70868328,0.24,1151,0.378172,False,True,False,False,False
840,2155794070417681664,0.70866712,0.70866712,0.32,1152,0.068978,False,False,False,False,False
841,6535933969509594624,0.70865451,0.70865451,0.12,1153,0.844961,False,False,False,False,False
842,5933463513781955712,0.70859783,0.70859783,0.12,1154,0.252604,False,False,False,False,False
843,1558774787137081984,0.70859524,0.70859524,0.24,1155,-0.167079,False,False,True,False,False
844,1875790515142936960,0.70854811,0.70854811,0.32,1156,0.06983,False,False,False,False,False
845,6022215057246797056,0.70852286,0.70852286,0.2,1157,0.605875,False,False,False,False,False
846,6259919511139840640,0.7084486,0.7084486,0.44,1158,0.566483,False,False,False,False,False
847,3592104732758365824,0.70839243,0.70839243,0.12,1159,0.231977,False,False,False,False,False
848,6851545346293718528,0.70837941,0.70837941,0,1160,0.562494,False,False,False,False,False
849,2963947933017930112,0.7082955,0.7082955,1,1161,0.827939,False,False,False,False,False
850,247511376067311744,0.70824909,0.70824909,0.28,1162,0.885968,False,False,False,False,False
851,2012921742811266304,0.70807181,0.70807181,0.24,1163,0.587632,False,False,False,False,False
852,123130085243260800,0.7080696,0.7080696,0.56,1164,0.187883,False,False,False,False,False
853,2763645776614592768,0.70803184,0.70803184,0.4,1165,0.689157,False,False,False,False,False
854,281086127553744000,0.70792709,0.70792709,0.24,1166,0.899337,False,False,False,False,False
855,4242728884389090944,0.70776211,0.70776211,0.68,1168,0.189152,False,False,False,False,False
856,3152781117988100224,0.70768789,0.70768789,0,1169,0.163871,False,False,True,False,False
857,6428547245809055232,0.70767941,0.70767941,0.64,1170,-0.058995,False,False,False,False,False
858,4574048021719712640,0.70766242,0.70766242,1,1171,0.772138,False,False,False,False,False
859,1462646031708556672,0.70747551,0.70747551,0.64,1174,0.345326,False,False,True,False,False
860,2993919348678863488,0.7073426,0.7073426,0.28,1175,0.702347,False,False,False,False,False
861,5671742874032533376,0.70729224,0.70729224,0.16,1176,-0.050134,False,False,False,False,False
862,3189680315897189504,0.70716465,0.70716465,0.52,1177,0.200759,False,False,True,False,False
863,6066382684179482240,0.70709081,0.70709081,0.2,1178,0.761124,False,False,False,False,False
864,2024339105927258240,0.70694164,0.70694164,0.72,1181,0.731144,False,False,False,False,False
865,1834652390701056384,0.70687857,0.70687857,0.28,1182,0.235201,False,False,False,False,False
866,3509294430396754304,0.70679434,0.70679434,0.92,1185,0.676844,False,False,False,False,False
867,641146296971222912,0.70677143,0.70677143,0.96,1186,0.960371,False,False,False,False,False
868,1796825582900925824,0.70676057,0.70676057,0.32,1188,0.598924,False,False,False,False,False
869,479945247958152192,0.70673905,0.70673905,0.4,1189,0.378146,False,False,True,False,False
870,3928825495840280320,0.70660777,0.70660777,0.4,1190,-0.040222,False,False,False,False,False
871,2401724344460914304,0.70646489,0.70646489,0.04,1192,0.879858,False,False,False,False,False
872,506105202278213248,0.70639024,0.70639024,1,1193,0.77693,False,False,False,False,False
873,1713327707813549696,0.70630692,0.70630692,0.16,1195,0.916736,False,False,False,False,False
874,5082316959788533632,0.70629914,0.70629914,0.2,1197,0.156087,False,False,True,False,False
875,5744326794836737280,0.7062769,0.7062769,0.36,1198,0.111169,False,False,False,False,False
876,1919533966778642944,0.70620633,0.70620633,0.08,1199,0.090105,False,False,False,False,False
877,3725701713434643328,0.7062024,0.7062024,0.8,1200,-0.039753,False,False,True,False,False
878,1388427588083562112,0.70617197,0.70617197,0,1201,0.800574,False,False,False,False,False
879,1303807970619637632,0.70612559,0.70612559,0.36,1202,-0.166141,False,True,False,False,False
880,5065496218588727168,0.70610126,0.70610126,0.16,1203,0.195832,False,False,True,False,False
881,2939600381894071552,0.70609673,0.70609673,0.32,1204,0.714688,False,False,False,False,False
882,1638578406231809280,0.70608129,0.70608129,0.16,1206,1.069537,False,False,False,False,False
883,6362685812108322816,0.70603542,0.70603542,0.2,1208,0.664629,False,False,True,False,False
884,1909353519899700224,0.70593897,0.70593897,0.76,1209,0.927364,False,False,False,False,False
885,3136952686035250688,0.70592746,0.70592746,1,1210,0.658807,False,False,False,False,False
886,6713807291294999936,0.70591374,0.70591374,0.64,1211,0.808913,False,False,True,False,False
887,4325935663772785024,0.70586379,0.70586379,0.32,1212,0.211878,False,False,False,False,False
888,3304935076090945536,0.70586085,0.70586085,1,1213,0.74605,False,False,False,False,False
889,1090621874403962624,0.70584179,0.70584179,0.16,1215,0.589383,False,False,False,False,False
890,3947285780674512000,0.70579912,0.70579912,0.56,1217,0.543586,False,False,True,False,False
891,4117634349827851008,0.70578615,0.70578615,0.28,1218,0.54151,False,False,False,False,False
892,5375901132936062720,0.70570614,0.70570614,0.28,1219,0.979493,False,False,False,False,False
893,6883395002690355072,0.70560725,0.70560725,0.28,1220,0.164393,False,False,False,False,False
894,5422003243172902528,0.70560635,0.70560635,0.04,1221,0.532699,False,False,False,False,False
895,2543062097446318080,0.70531743,0.70531743,0.96,1225,0.317784,False,False,False,False,False
896,1843371105562745088,0.70531577,0.70531577,0.48,1226,0.967069,False,False,False,False,False
897,2846798267609702912,0.70530675,0.70530675,0.52,1227,0.881442,False,False,False,False,False
898,1272860463509203072,0.70522612,0.70522612,0.12,1228,0.39614,False,False,True,False,False
899,798848562550871680,0.70522421,0.70522421,0.24,1229,-0.344944,False,False,True,False,False
900,5820385855304920704,0.70518117,0.70518117,1,1230,0.871883,False,False,False,False,False
901,6439459829993469696,0.70503457,0.70503457,0.28,1231,-0.074269,False,False,False,False,False
902,6235905352566118784,0.70502953,0.70502953,1,1232,0.520981,False,False,False,False,False
903,602518907300518528,0.70499032,0.70499032,0.04,1233,0.509758,False,False,False,False,False
904,6466272589267103616,0.70488639,0.70488639,0.2,1235,0.429177,False,False,False,False,False
905,4547250346370251648,0.70486719,0.70486719,0.28,1236,0.067475,False,False,False,False,False
906,6794671904753665664,0.70482254,0.70482254,0.4,1237,0.537013,False,False,False,False,False
907,774690093062727040,0.70474829,0.70474829,1,1239,0.861668,False,False,False,False,False
908,1785417634366032256,0.70472633,0.70472633,0.8,1240,0.932049,False,False,False,False,False
909,4739928214264361856,0.7046494,0.7046494,0.44,1241,0.947389,False,False,False,False,False
910,5078270482120024960,0.70458352,0.70458352,0,1243,0.327571,False,False,False,False,False
911,6507608831990831616,0.70456438,0.70456438,0,1244,-0.020387,False,False,False,False,False
912,1780624347783836032,0.70451813,0.70451813,0.96,1245,0.48646,False,False,False,False,False
913,6441410982096229760,0.70448991,0.70448991,0,1246,0.548952,False,False,False,False,False
914,5920332561774939776,0.70444062,0.70444062,0,1247,-0.240114,False,False,False,False,False
915,4867826396104756992,0.70442873,0.70442873,0.72,1248,0.514884,False,False,False,False,False
916,1117580800004896896,0.70436149,0.70436149,0.12,1249,0.936799,False,False,False,False,False
917,1212774313804554752,0.70412752,0.70412752,1,1250,0.313312,False,False,False,False,False
918,2199059440669155328,0.70405561,0.70405561,0.48,1253,0.428273,False,False,False,False,False
919,4854708878788267264,0.70402506,0.70402506,0.88,1254,0.792527,False,False,False,False,False
920,2313022171603701888,0.70398971,0.70398971,1,1255,0.296303,False,False,False,False,False
921,1576237471326673024,0.70394813,0.70394813,0,1257,-0.4248,False,False,False,False,False
922,4229940258487034368,0.7039141,0.7039141,0.56,1258,-0.495925,False,False,False,False,False
923,1431176943768690816,0.70383184,0.70383184,1,1259,0.833929,False,False,False,False,False
924,3619170826383623808,0.70375681,0.70375681,0.48,1260,1.015462,False,True,False,False,False
925,635964431813070848,0.70367549,0.70367549,1,1261,0.527939,False,False,False,False,False
926,5041018993810217984,0.7036119,0.7036119,1,1263,0.597994,False,False,False,False,False
927,2396463353121256448,0.70338502,0.70338502,0.72,1265,0.597734,False,False,False,False,False
928,478854051389786880,0.703366,0.703366,0.68,1266,0.808802,False,False,False,False,False
929,6189035061649770752,0.70333331,0.70333331,1,1267,0.463844,False,False,False,False,False
930,2886405528302243712,0.70308546,0.70308546,1,1270,-0.120707,False,False,False,False,False
931,6403245627824561536,0.70306144,0.70306144,1,1271,0.19749,False,False,False,False,False
932,4860598859498948608,0.70295972,0.70295972,0.4,1272,0.451626,False,False,False,False,False
933,2797745549200773120,0.70290579,0.70290579,1,1275,0.183154,False,False,False,False,False
934,569345026583048832,0.70284424,0.70284424,0.8,1277,0.073697,False,False,False,False,False
935,1496161104627528704,0.70284189,0.70284189,0.32,1278,0.897179,False,True,False,False,False
936,6345403379104806528,0.70281205,0.70281205,1,1279,0.613718,False,False,True,False,False
937,6543507439961404160,0.70277726,0.70277726,0.52,1280,0.550781,False,False,False,False,False
938,6780508064683712896,0.70275763,0.70275763,0.12,1281,0.404016,False,False,False,False,False
939,5537317239560861184,0.70267142,0.70267142,0.2,1284,0.184697,False,False,True,False,False
940,5022540463954913920,0.70262703,0.70262703,0.56,1285,0.02488,False,False,False,False,False
941,6167514939035359616,0.70259534,0.70259534,0.16,1286,0.997739,False,False,False,False,False
942,2112083741570227072,0.70256264,0.70256264,0.4,1287,1.095123,False,False,False,False,False
943,6327575515318207104,0.70255308,0.70255308,0.64,1288,1.102447,False,False,False,False,False
944,595213301073245184,0.70247569,0.70247569,0.08,1290,0.963288,False,False,False,False,False
945,1916983958796151168,0.70230976,0.70230976,0.68,1291,0.348048,False,False,False,False,False
946,6905472680783927680,0.70228654,0.70228654,0.16,1292,0.720529,False,False,False,False,False
947,3492168089389365760,0.70227616,0.70227616,0.4,1294,0.465073,False,False,False,False,False
948,2667641472157510656,0.70222822,0.70222822,0.76,1296,0.315851,False,False,False,False,False
949,5913153644204631936,0.70220129,0.70220129,0.64,1298,0.74507,False,False,False,False,False
950,113045124074462976,0.70199828,0.70199828,0.4,1300,1.18251,False,False,False,False,False
951,5871307021963790336,0.70199048,0.70199048,0.44,1301,0.130311,False,False,False,False,False
952,2865785527751748992,0.70191472,0.70191472,0.36,1302,0.689688,False,False,False,False,False
953,6093970942722222720,0.70151416,0.70151416,0.56,1305,0.989293,False,False,False,False,False
954,5553025824738697600,0.7013151,0.7013151,0.04,1307,0.12327,False,False,True,False,False
955,4167887498708642176,0.70129548,0.70129548,0.04,1308,-0.407846,False,False,False,False,False
956,6048239642780939648,0.70116665,0.70116665,0.48,1310,0.09279,False,False,True,False,False
957,2797745549200763520,0.70115015,0.70115015,1,1311,1.159116,False,False,False,False,False
958,4055999065209453312,0.70110811,0.70110811,1,1313,0.644102,False,False,False,False,False
959,540768508922778496,0.70106964,0.70106964,0,1314,0.30319,False,False,False,False,False
960,2905413713524270336,0.70106472,0.70106472,0.36,1315,0.938374,False,False,False,False,False
961,4033938910534537216,0.70088354,0.70088354,0,1316,0.074747,False,False,False,False,False
962,841260230725724160,0.70082726,0.70082726,0.08,1317,-0.230846,False,False,True,False,False
963,3940052815229913344,0.70073192,0.70073192,1,1318,0.520964,False,False,False,False,False
964,1534831272173203072,0.70070984,0.70070984,0.8,1319,1.035936,False,False,False,False,False
965,4446574040918651904,0.70062042,0.70062042,1,1323,-0.363419,False,False,False,False,False
966,1545970149597276288,0.70057875,0.70057875,0.64,1324,0.386747,False,False,False,False,False
967,3276525447976307456,0.70055899,0.70055899,0.8,1325,0.619675,False,False,False,False,False
968,3070424295451691136,0.70052859,0.70052859,0.16,1326,-0.00906,False,False,False,False,False
969,2991937582048884864,0.70051966,0.70051966,0.44,1327,0.062974,False,False,True,False,False
970,6152043539122515328,0.70039806,0.70039806,0.32,1328,0.963651,False,False,False,False,False
971,2789414446517818112,0.70039783,0.70039783,0.28,1329,0.616421,False,False,False,False,False
972,5371792979543728768,0.7003862,0.7003862,0.72,1330,0.810231,False,False,False,False,False
973,3488182741992010240,0.70036502,0.70036502,0.64,1332,0.643449,False,False,False,False,False
974,6835890568452392576,0.7003413,0.7003413,0,1333,0.504321,False,False,False,False,False
975,4837026464070585600,0.70033831,0.70033831,0.76,1334,0.064321,False,False,False,False,False
976,2635257865421979648,0.70032062,0.70032062,0.24,1335,0.338171,False,True,False,False,False
977,50327361624037120,0.70022487,0.70022487,0.64,1336,-0.252091,False,False,False,False,False
978,6254033894121581952,0.70014703,0.70014703,0.64,1337,-0.247275,False,False,False,False,False
979,145423198893940096,0.70008936,0.70008936,0.36,1339,0.306724,False,False,True,False,False
980,647188212149660800,0.70004393,0.70004393,0.36,1340,0.901291,False,False,False,False,False
981,2595132184998374400,0.70002355,0.70002355,0.28,1342,0.881321,False,False,False,False,False
982,6550009539411277952,0.69994339,0.69994339,0.12,1343,0.645516,False,False,False,False,False
983,2920743757478135680,0.6999391,0.6999391,0.64,1344,1.002165,False,False,False,False,False
984,5983598220321034880,0.69989779,0.69989779,0.28,1345,0.701298,False,False,False,False,False
985,4175568171547798912,0.69985995,0.69985995,0.2,1347,-0.128473,False,False,False,False,False
986,3690472300019032320,0.6997488,0.6997488,0.88,1349,0.723467,False,False,False,False,False
987,6795261758382371840,0.6996043,0.6996043,0.92,1352,-0.074102,False,False,False,False,False
988,5374302717911239168,0.69952833,0.69952833,0.08,1354,0.00303,False,False,False,False,False
989,6025146733201615616,0.69950572,0.69950572,1,1357,0.226386,False,False,False,False,False
990,6166294068811604608,0.69950473,0.69950473,0.48,1358,0.139802,False,False,False,False,False
991,4574048021719710848,0.69943201,0.69943201,1,1359,0.516494,False,False,False,False,False
992,6889942010319163776,0.69940499,0.69940499,0.4,1360,0.877745,False,False,False,False,False
993,395719496180341504,0.69932628,0.69932628,0,1361,0.943386,False,False,True,False,False
994,6391688798544351232,0.69923853,0.69923853,0.2,1362,0.699993,False,False,False,False,False
995,1283453536492339328,0.69920773,0.69920773,1,1363,0.791381,False,False,False,False,False
996,5140757617711484416,0.69903562,0.69903562,0.68,1365,0.554191,False,False,False,False,False
997,1443068608699851008,0.69901214,0.69901214,1,1366,-0.237925,False,False,False,False,False
998,5388639490539546112,0.69900923,0.69900923,0.04,1367,-0.123516,False,False,False,False,False
999,5500509507263759360,0.69896585,0.69896585,0.12,1368,-0.081151,False,False,False,False,False
1000,2642013883339413760,0.69891758,0.69891758,0.28,1369,1.010699,False,False,False,False,False
